iso_code,continent,location,date,total_cases,new_cases,new_cases_smoothed,total_deaths,new_deaths,new_deaths_smoothed,total_cases_per_million,new_cases_per_million,new_cases_smoothed_per_million,total_deaths_per_million,new_deaths_per_million,new_deaths_smoothed_per_million,new_tests,total_tests,total_tests_per_thousand,new_tests_per_thousand,new_tests_smoothed,new_tests_smoothed_per_thousand,tests_per_case,positive_rate,tests_units,stringency_index,population,population_density,median_age,aged_65_older,aged_70_older,gdp_per_capita,extreme_poverty,cardiovasc_death_rate,diabetes_prevalence,female_smokers,male_smokers,handwashing_facilities,hospital_beds_per_thousand,life_expectancy,human_development_index
USA,North America,United States,31-12-19,0,0,,0,0,,0,0,,0,0,,,,,,,,,,,,331002647,35.608,38.3,15.413,9.732,54225.446,1.2,151.089,10.79,19.1,24.6,,2.77,78.86,0.924
USA,North America,United States,01-01-20,0,0,,0,0,,0,0,,0,0,,,,,,,,,,,0,331002647,35.608,38.3,15.413,9.732,54225.446,1.2,151.089,10.79,19.1,24.6,,2.77,78.86,0.924
USA,North America,United States,02-01-20,0,0,,0,0,,0,0,,0,0,,,,,,,,,,,0,331002647,35.608,38.3,15.413,9.732,54225.446,1.2,151.089,10.79,19.1,24.6,,2.77,78.86,0.924
USA,North America,United States,03-01-20,0,0,,0,0,,0,0,,0,0,,,,,,,,,,,0,331002647,35.608,38.3,15.413,9.732,54225.446,1.2,151.089,10.79,19.1,24.6,,2.77,78.86,0.924
USA,North America,United States,04-01-20,0,0,,0,0,,0,0,,0,0,,,,,,,,,,,0,331002647,35.608,38.3,15.413,9.732,54225.446,1.2,151.089,10.79,19.1,24.6,,2.77,78.86,0.924
USA,North America,United States,05-01-20,0,0,,0,0,,0,0,,0,0,,,,,,,,,,,0,331002647,35.608,38.3,15.413,9.732,54225.446,1.2,151.089,10.79,19.1,24.6,,2.77,78.86,0.924
USA,North America,United States,06-01-20,0,0,0,0,0,0,0,0,0,0,0,0,,,,,,,,,,0,331002647,35.608,38.3,15.413,9.732,54225.446,1.2,151.089,10.79,19.1,24.6,,2.77,78.86,0.924
USA,North America,United States,07-01-20,0,0,0,0,0,0,0,0,0,0,0,0,,,,,,,,,,0,331002647,35.608,38.3,15.413,9.732,54225.446,1.2,151.089,10.79,19.1,24.6,,2.77,78.86,0.924
USA,North America,United States,08-01-20,0,0,0,0,0,0,0,0,0,0,0,0,,,,,,,,,,0,331002647,35.608,38.3,15.413,9.732,54225.446,1.2,151.089,10.79,19.1,24.6,,2.77,78.86,0.924
USA,North America,United States,09-01-20,0,0,0,0,0,0,0,0,0,0,0,0,,,,,,,,,,0,331002647,35.608,38.3,15.413,9.732,54225.446,1.2,151.089,10.79,19.1,24.6,,2.77,78.86,0.924
USA,North America,United States,10-01-20,0,0,0,0,0,0,0,0,0,0,0,0,,,,,,,,,,0,331002647,35.608,38.3,15.413,9.732,54225.446,1.2,151.089,10.79,19.1,24.6,,2.77,78.86,0.924
USA,North America,United States,11-01-20,0,0,0,0,0,0,0,0,0,0,0,0,,,,,,,,,,0,331002647,35.608,38.3,15.413,9.732,54225.446,1.2,151.089,10.79,19.1,24.6,,2.77,78.86,0.924
USA,North America,United States,12-01-20,0,0,0,0,0,0,0,0,0,0,0,0,,,,,,,,,,0,331002647,35.608,38.3,15.413,9.732,54225.446,1.2,151.089,10.79,19.1,24.6,,2.77,78.86,0.924
USA,North America,United States,13-01-20,0,0,0,0,0,0,0,0,0,0,0,0,,,,,,,,,,0,331002647,35.608,38.3,15.413,9.732,54225.446,1.2,151.089,10.79,19.1,24.6,,2.77,78.86,0.924
USA,North America,United States,14-01-20,0,0,0,0,0,0,0,0,0,0,0,0,,,,,,,,,,0,331002647,35.608,38.3,15.413,9.732,54225.446,1.2,151.089,10.79,19.1,24.6,,2.77,78.86,0.924
USA,North America,United States,15-01-20,0,0,0,0,0,0,0,0,0,0,0,0,,,,,,,,,,0,331002647,35.608,38.3,15.413,9.732,54225.446,1.2,151.089,10.79,19.1,24.6,,2.77,78.86,0.924
USA,North America,United States,16-01-20,0,0,0,0,0,0,0,0,0,0,0,0,,,,,,,,,,0,331002647,35.608,38.3,15.413,9.732,54225.446,1.2,151.089,10.79,19.1,24.6,,2.77,78.86,0.924
USA,North America,United States,17-01-20,0,0,0,0,0,0,0,0,0,0,0,0,,,,,,,,,,0,331002647,35.608,38.3,15.413,9.732,54225.446,1.2,151.089,10.79,19.1,24.6,,2.77,78.86,0.924
USA,North America,United States,18-01-20,0,0,0,0,0,0,0,0,0,0,0,0,,,,,,,,,,0,331002647,35.608,38.3,15.413,9.732,54225.446,1.2,151.089,10.79,19.1,24.6,,2.77,78.86,0.924
USA,North America,United States,19-01-20,0,0,0,0,0,0,0,0,0,0,0,0,,,,,,,,,,0,331002647,35.608,38.3,15.413,9.732,54225.446,1.2,151.089,10.79,19.1,24.6,,2.77,78.86,0.924
USA,North America,United States,20-01-20,0,0,0,0,0,0,0,0,0,0,0,0,,,,,,,,,,0,331002647,35.608,38.3,15.413,9.732,54225.446,1.2,151.089,10.79,19.1,24.6,,2.77,78.86,0.924
USA,North America,United States,21-01-20,1,1,0.143,0,0,0,0.003,0.003,0,0,0,0,,,,,,,,,,0,331002647,35.608,38.3,15.413,9.732,54225.446,1.2,151.089,10.79,19.1,24.6,,2.77,78.86,0.924
USA,North America,United States,22-01-20,1,0,0.143,0,0,0,0.003,0,0,0,0,0,,,,,,,,,,0,331002647,35.608,38.3,15.413,9.732,54225.446,1.2,151.089,10.79,19.1,24.6,,2.77,78.86,0.924
USA,North America,United States,23-01-20,1,0,0.143,0,0,0,0.003,0,0,0,0,0,,,,,,,,,,0,331002647,35.608,38.3,15.413,9.732,54225.446,1.2,151.089,10.79,19.1,24.6,,2.77,78.86,0.924
USA,North America,United States,24-01-20,1,0,0.143,0,0,0,0.003,0,0,0,0,0,,,,,,,,,,0,331002647,35.608,38.3,15.413,9.732,54225.446,1.2,151.089,10.79,19.1,24.6,,2.77,78.86,0.924
USA,North America,United States,25-01-20,2,1,0.286,0,0,0,0.006,0.003,0.001,0,0,0,,,,,,,,,,0,331002647,35.608,38.3,15.413,9.732,54225.446,1.2,151.089,10.79,19.1,24.6,,2.77,78.86,0.924
USA,North America,United States,26-01-20,2,0,0.286,0,0,0,0.006,0,0.001,0,0,0,,,,,,,,,,0,331002647,35.608,38.3,15.413,9.732,54225.446,1.2,151.089,10.79,19.1,24.6,,2.77,78.86,0.924
USA,North America,United States,27-01-20,5,3,0.714,0,0,0,0.015,0.009,0.002,0,0,0,,,,,,,,,,0,331002647,35.608,38.3,15.413,9.732,54225.446,1.2,151.089,10.79,19.1,24.6,,2.77,78.86,0.924
USA,North America,United States,28-01-20,5,0,0.571,0,0,0,0.015,0,0.002,0,0,0,,,,,,,,,,0,331002647,35.608,38.3,15.413,9.732,54225.446,1.2,151.089,10.79,19.1,24.6,,2.77,78.86,0.924
USA,North America,United States,29-01-20,5,0,0.571,0,0,0,0.015,0,0.002,0,0,0,,,,,,,,,,0,331002647,35.608,38.3,15.413,9.732,54225.446,1.2,151.089,10.79,19.1,24.6,,2.77,78.86,0.924
USA,North America,United States,30-01-20,5,0,0.571,0,0,0,0.015,0,0.002,0,0,0,,,,,,,,,,0,331002647,35.608,38.3,15.413,9.732,54225.446,1.2,151.089,10.79,19.1,24.6,,2.77,78.86,0.924
USA,North America,United States,31-01-20,6,1,0.714,0,0,0,0.018,0.003,0.002,0,0,0,,,,,,,,,,0,331002647,35.608,38.3,15.413,9.732,54225.446,1.2,151.089,10.79,19.1,24.6,,2.77,78.86,0.924
USA,North America,United States,01-02-20,7,1,0.714,0,0,0,0.021,0.003,0.002,0,0,0,,,,,,,,,,0,331002647,35.608,38.3,15.413,9.732,54225.446,1.2,151.089,10.79,19.1,24.6,,2.77,78.86,0.924
USA,North America,United States,02-02-20,8,1,0.857,0,0,0,0.024,0.003,0.003,0,0,0,,,,,,,,,,5.56,331002647,35.608,38.3,15.413,9.732,54225.446,1.2,151.089,10.79,19.1,24.6,,2.77,78.86,0.924
USA,North America,United States,03-02-20,11,3,0.857,0,0,0,0.033,0.009,0.003,0,0,0,,,,,,,,,,5.56,331002647,35.608,38.3,15.413,9.732,54225.446,1.2,151.089,10.79,19.1,24.6,,2.77,78.86,0.924
USA,North America,United States,04-02-20,11,0,0.857,0,0,0,0.033,0,0.003,0,0,0,,,,,,,,,,5.56,331002647,35.608,38.3,15.413,9.732,54225.446,1.2,151.089,10.79,19.1,24.6,,2.77,78.86,0.924
USA,North America,United States,05-02-20,11,0,0.857,0,0,0,0.033,0,0.003,0,0,0,,,,,,,,,,5.56,331002647,35.608,38.3,15.413,9.732,54225.446,1.2,151.089,10.79,19.1,24.6,,2.77,78.86,0.924
USA,North America,United States,06-02-20,12,1,1,0,0,0,0.036,0.003,0.003,0,0,0,,,,,,,,,,5.56,331002647,35.608,38.3,15.413,9.732,54225.446,1.2,151.089,10.79,19.1,24.6,,2.77,78.86,0.924
USA,North America,United States,07-02-20,12,0,0.857,0,0,0,0.036,0,0.003,0,0,0,,,,,,,,,,5.56,331002647,35.608,38.3,15.413,9.732,54225.446,1.2,151.089,10.79,19.1,24.6,,2.77,78.86,0.924
USA,North America,United States,08-02-20,12,0,0.714,0,0,0,0.036,0,0.002,0,0,0,,,,,,,,,,5.56,331002647,35.608,38.3,15.413,9.732,54225.446,1.2,151.089,10.79,19.1,24.6,,2.77,78.86,0.924
USA,North America,United States,09-02-20,12,0,0.571,0,0,0,0.036,0,0.002,0,0,0,,,,,,,,,,5.56,331002647,35.608,38.3,15.413,9.732,54225.446,1.2,151.089,10.79,19.1,24.6,,2.77,78.86,0.924
USA,North America,United States,10-02-20,12,0,0.143,0,0,0,0.036,0,0,0,0,0,,,,,,,,,,5.56,331002647,35.608,38.3,15.413,9.732,54225.446,1.2,151.089,10.79,19.1,24.6,,2.77,78.86,0.924
USA,North America,United States,11-02-20,13,1,0.286,0,0,0,0.039,0.003,0.001,0,0,0,,,,,,,,,,5.56,331002647,35.608,38.3,15.413,9.732,54225.446,1.2,151.089,10.79,19.1,24.6,,2.77,78.86,0.924
USA,North America,United States,12-02-20,13,0,0.286,0,0,0,0.039,0,0.001,0,0,0,,,,,,,,,,5.56,331002647,35.608,38.3,15.413,9.732,54225.446,1.2,151.089,10.79,19.1,24.6,,2.77,78.86,0.924
USA,North America,United States,13-02-20,14,1,0.286,0,0,0,0.042,0.003,0.001,0,0,0,,,,,,,,,,5.56,331002647,35.608,38.3,15.413,9.732,54225.446,1.2,151.089,10.79,19.1,24.6,,2.77,78.86,0.924
USA,North America,United States,14-02-20,15,1,0.429,0,0,0,0.045,0.003,0.001,0,0,0,,,,,,,,,,5.56,331002647,35.608,38.3,15.413,9.732,54225.446,1.2,151.089,10.79,19.1,24.6,,2.77,78.86,0.924
USA,North America,United States,15-02-20,15,0,0.429,0,0,0,0.045,0,0.001,0,0,0,,,,,,,,,,5.56,331002647,35.608,38.3,15.413,9.732,54225.446,1.2,151.089,10.79,19.1,24.6,,2.77,78.86,0.924
USA,North America,United States,16-02-20,15,0,0.429,0,0,0,0.045,0,0.001,0,0,0,,,,,,,,,,5.56,331002647,35.608,38.3,15.413,9.732,54225.446,1.2,151.089,10.79,19.1,24.6,,2.77,78.86,0.924
USA,North America,United States,17-02-20,15,0,0.429,0,0,0,0.045,0,0.001,0,0,0,,,,,,,,,,5.56,331002647,35.608,38.3,15.413,9.732,54225.446,1.2,151.089,10.79,19.1,24.6,,2.77,78.86,0.924
USA,North America,United States,18-02-20,15,0,0.286,0,0,0,0.045,0,0.001,0,0,0,,,,,,,,,,5.56,331002647,35.608,38.3,15.413,9.732,54225.446,1.2,151.089,10.79,19.1,24.6,,2.77,78.86,0.924
USA,North America,United States,19-02-20,15,0,0.286,0,0,0,0.045,0,0.001,0,0,0,,,,,,,,,,5.56,331002647,35.608,38.3,15.413,9.732,54225.446,1.2,151.089,10.79,19.1,24.6,,2.77,78.86,0.924
USA,North America,United States,20-02-20,15,0,0.143,0,0,0,0.045,0,0,0,0,0,,,,,,,,,,5.56,331002647,35.608,38.3,15.413,9.732,54225.446,1.2,151.089,10.79,19.1,24.6,,2.77,78.86,0.924
USA,North America,United States,21-02-20,16,1,0.143,0,0,0,0.048,0.003,0,0,0,0,,,,,,,,,,5.56,331002647,35.608,38.3,15.413,9.732,54225.446,1.2,151.089,10.79,19.1,24.6,,2.77,78.86,0.924
USA,North America,United States,22-02-20,35,19,2.857,0,0,0,0.106,0.057,0.009,0,0,0,,,,,,,,,,5.56,331002647,35.608,38.3,15.413,9.732,54225.446,1.2,151.089,10.79,19.1,24.6,,2.77,78.86,0.924
USA,North America,United States,23-02-20,35,0,2.857,0,0,0,0.106,0,0.009,0,0,0,,,,,,,,,,5.56,331002647,35.608,38.3,15.413,9.732,54225.446,1.2,151.089,10.79,19.1,24.6,,2.77,78.86,0.924
USA,North America,United States,24-02-20,35,0,2.857,0,0,0,0.106,0,0.009,0,0,0,,,,,,,,,,5.56,331002647,35.608,38.3,15.413,9.732,54225.446,1.2,151.089,10.79,19.1,24.6,,2.77,78.86,0.924
USA,North America,United States,25-02-20,53,18,5.429,0,0,0,0.16,0.054,0.016,0,0,0,,,,,,,,,,5.56,331002647,35.608,38.3,15.413,9.732,54225.446,1.2,151.089,10.79,19.1,24.6,,2.77,78.86,0.924
USA,North America,United States,26-02-20,53,0,5.429,0,0,0,0.16,0,0.016,0,0,0,,,,,,,,,,5.56,331002647,35.608,38.3,15.413,9.732,54225.446,1.2,151.089,10.79,19.1,24.6,,2.77,78.86,0.924
USA,North America,United States,27-02-20,59,6,6.286,0,0,0,0.178,0.018,0.019,0,0,0,,,,,,,,,,5.56,331002647,35.608,38.3,15.413,9.732,54225.446,1.2,151.089,10.79,19.1,24.6,,2.77,78.86,0.924
USA,North America,United States,28-02-20,60,1,6.286,0,0,0,0.181,0.003,0.019,0,0,0,,,,,,,,,,5.56,331002647,35.608,38.3,15.413,9.732,54225.446,1.2,151.089,10.79,19.1,24.6,,2.77,78.86,0.924
USA,North America,United States,29-02-20,66,6,4.429,0,0,0,0.199,0.018,0.013,0,0,0,,,,,,,,,,5.56,331002647,35.608,38.3,15.413,9.732,54225.446,1.2,151.089,10.79,19.1,24.6,,2.77,78.86,0.924
USA,North America,United States,01-03-20,69,3,4.857,1,1,0.143,0.208,0.009,0.015,0.003,0.003,0,130,130,0,0,,,,,tests performed,8.33,331002647,35.608,38.3,15.413,9.732,54225.446,1.2,151.089,10.79,19.1,24.6,,2.77,78.86,0.924
USA,North America,United States,02-03-20,89,20,7.714,2,1,0.286,0.269,0.06,0.023,0.006,0.003,0.001,343,473,0.001,0.001,,,,,tests performed,11.11,331002647,35.608,38.3,15.413,9.732,54225.446,1.2,151.089,10.79,19.1,24.6,,2.77,78.86,0.924
USA,North America,United States,03-03-20,103,14,7.143,6,4,0.857,0.311,0.042,0.022,0.018,0.012,0.003,726,1199,0.004,0.002,,,,,tests performed,11.11,331002647,35.608,38.3,15.413,9.732,54225.446,1.2,151.089,10.79,19.1,24.6,,2.77,78.86,0.924
USA,North America,United States,04-03-20,125,22,10.286,9,3,1.286,0.378,0.066,0.031,0.027,0.009,0.004,842,2041,0.006,0.003,,,,,tests performed,11.11,331002647,35.608,38.3,15.413,9.732,54225.446,1.2,151.089,10.79,19.1,24.6,,2.77,78.86,0.924
USA,North America,United States,05-03-20,159,34,14.286,11,2,1.571,0.48,0.103,0.043,0.033,0.006,0.005,973,3014,0.009,0.003,,,,,tests performed,20.37,331002647,35.608,38.3,15.413,9.732,54225.446,1.2,151.089,10.79,19.1,24.6,,2.77,78.86,0.924
USA,North America,United States,06-03-20,233,74,24.714,12,1,1.714,0.704,0.224,0.075,0.036,0.003,0.005,1317,4331,0.013,0.004,,,,,tests performed,20.37,331002647,35.608,38.3,15.413,9.732,54225.446,1.2,151.089,10.79,19.1,24.6,,2.77,78.86,0.924
USA,North America,United States,07-03-20,338,105,38.857,14,2,2,1.021,0.317,0.117,0.042,0.006,0.006,1325,5656,0.017,0.004,,,,,tests performed,20.37,331002647,35.608,38.3,15.413,9.732,54225.446,1.2,151.089,10.79,19.1,24.6,,2.77,78.86,0.924
USA,North America,United States,08-03-20,433,95,52,17,3,2.286,1.308,0.287,0.157,0.051,0.009,0.007,1416,7072,0.021,0.004,992,0.003,19.077,0.052,tests performed,20.37,331002647,35.608,38.3,15.413,9.732,54225.446,1.2,151.089,10.79,19.1,24.6,,2.77,78.86,0.924
USA,North America,United States,09-03-20,554,121,66.429,21,4,2.714,1.674,0.366,0.201,0.063,0.012,0.008,2025,9097,0.027,0.006,1232,0.004,18.546,0.054,tests performed,20.37,331002647,35.608,38.3,15.413,9.732,54225.446,1.2,151.089,10.79,19.1,24.6,,2.77,78.86,0.924
USA,North America,United States,10-03-20,754,200,93,26,5,2.857,2.278,0.604,0.281,0.079,0.015,0.009,2674,11771,0.036,0.008,1510,0.005,16.237,0.062,tests performed,20.37,331002647,35.608,38.3,15.413,9.732,54225.446,1.2,151.089,10.79,19.1,24.6,,2.77,78.86,0.924
USA,North America,United States,11-03-20,1025,271,128.571,28,2,2.714,3.097,0.819,0.388,0.085,0.006,0.008,3856,15627,0.047,0.012,1941,0.006,15.097,0.066,tests performed,21.76,331002647,35.608,38.3,15.413,9.732,54225.446,1.2,151.089,10.79,19.1,24.6,,2.77,78.86,0.924
USA,North America,United States,12-03-20,1312,287,164.714,30,2,2.714,3.964,0.867,0.498,0.091,0.006,0.008,7031,22658,0.068,0.021,2806,0.008,17.036,0.059,tests performed,30.09,331002647,35.608,38.3,15.413,9.732,54225.446,1.2,151.089,10.79,19.1,24.6,,2.77,78.86,0.924
USA,North America,United States,13-03-20,1663,351,204.286,40,10,4,5.024,1.06,0.617,0.121,0.03,0.012,9972,32630,0.099,0.03,4043,0.012,19.791,0.051,tests performed,30.09,331002647,35.608,38.3,15.413,9.732,54225.446,1.2,151.089,10.79,19.1,24.6,,2.77,78.86,0.924
USA,North America,United States,14-03-20,2174,511,262.286,47,7,4.714,6.568,1.544,0.792,0.142,0.021,0.014,10580,43210,0.131,0.032,5365,0.016,20.455,0.049,tests performed,35.65,331002647,35.608,38.3,15.413,9.732,54225.446,1.2,151.089,10.79,19.1,24.6,,2.77,78.86,0.924
USA,North America,United States,15-03-20,2951,777,359.714,57,10,5.714,8.915,2.347,1.087,0.172,0.03,0.017,12003,55213,0.167,0.036,6877,0.021,19.118,0.052,tests performed,41.2,331002647,35.608,38.3,15.413,9.732,54225.446,1.2,151.089,10.79,19.1,24.6,,2.77,78.86,0.924
USA,North America,United States,16-03-20,3774,823,460,69,12,6.857,11.402,2.486,1.39,0.208,0.036,0.021,23054,78267,0.236,0.07,9881,0.03,21.48,0.047,tests performed,52.31,331002647,35.608,38.3,15.413,9.732,54225.446,1.2,151.089,10.79,19.1,24.6,,2.77,78.86,0.924
USA,North America,United States,17-03-20,4661,887,558.143,85,16,8.429,14.081,2.68,1.686,0.257,0.048,0.025,36204,114471,0.346,0.109,14671,0.044,26.285,0.038,tests performed,55.09,331002647,35.608,38.3,15.413,9.732,54225.446,1.2,151.089,10.79,19.1,24.6,,2.77,78.86,0.924
USA,North America,United States,18-03-20,6427,1766,771.714,108,23,11.429,19.417,5.335,2.331,0.326,0.069,0.035,46989,161460,0.488,0.142,20833,0.063,26.996,0.037,tests performed,55.09,331002647,35.608,38.3,15.413,9.732,54225.446,1.2,151.089,10.79,19.1,24.6,,2.77,78.86,0.924
USA,North America,United States,19-03-20,9415,2988,1157.571,150,42,17.143,28.444,9.027,3.497,0.453,0.127,0.052,56657,218117,0.659,0.171,27923,0.084,24.122,0.041,tests performed,67.13,331002647,35.608,38.3,15.413,9.732,54225.446,1.2,151.089,10.79,19.1,24.6,,2.77,78.86,0.924
USA,North America,United States,20-03-20,14250,4835,1798.143,150,0,15.714,43.051,14.607,5.432,0.453,0,0.047,68340,286457,0.865,0.206,36261,0.11,20.166,0.05,tests performed,67.13,331002647,35.608,38.3,15.413,9.732,54225.446,1.2,151.089,10.79,19.1,24.6,,2.77,78.86,0.924
USA,North America,United States,21-03-20,19624,5374,2492.857,260,110,30.429,59.287,16.236,7.531,0.785,0.332,0.092,68715,355172,1.073,0.208,44566,0.135,17.877,0.056,tests performed,72.69,331002647,35.608,38.3,15.413,9.732,54225.446,1.2,151.089,10.79,19.1,24.6,,2.77,78.86,0.924
USA,North America,United States,22-03-20,26747,7123,3399.429,340,80,40.429,80.806,21.519,10.27,1.027,0.242,0.122,63318,418490,1.264,0.191,51897,0.157,15.266,0.066,tests performed,72.69,331002647,35.608,38.3,15.413,9.732,54225.446,1.2,151.089,10.79,19.1,24.6,,2.77,78.86,0.924
USA,North America,United States,23-03-20,35206,8459,4490.286,471,131,57.429,106.362,25.556,13.566,1.423,0.396,0.173,71285,489775,1.48,0.215,58787,0.178,13.092,0.076,tests performed,72.69,331002647,35.608,38.3,15.413,9.732,54225.446,1.2,151.089,10.79,19.1,24.6,,2.77,78.86,0.924
USA,North America,United States,24-03-20,46442,11236,5968.714,590,119,72.143,140.307,33.945,18.032,1.782,0.36,0.218,92375,582150,1.759,0.279,66811,0.202,11.194,0.089,tests performed,72.69,331002647,35.608,38.3,15.413,9.732,54225.446,1.2,151.089,10.79,19.1,24.6,,2.77,78.86,0.924
USA,North America,United States,25-03-20,55231,8789,6972,801,211,99,166.86,26.553,21.063,2.42,0.637,0.299,101545,683695,2.066,0.307,74605,0.225,10.701,0.093,tests performed,72.69,331002647,35.608,38.3,15.413,9.732,54225.446,1.2,151.089,10.79,19.1,24.6,,2.77,78.86,0.924
USA,North America,United States,26-03-20,69194,13963,8539.857,1050,249,128.571,209.044,42.184,25.8,3.172,0.752,0.388,113478,797173,2.408,0.343,82722,0.25,9.687,0.103,tests performed,72.69,331002647,35.608,38.3,15.413,9.732,54225.446,1.2,151.089,10.79,19.1,24.6,,2.77,78.86,0.924
USA,North America,United States,27-03-20,85991,16797,10248.714,1296,246,163.714,259.789,50.746,30.963,3.915,0.743,0.495,119297,916470,2.769,0.36,90002,0.272,8.782,0.114,tests performed,72.69,331002647,35.608,38.3,15.413,9.732,54225.446,1.2,151.089,10.79,19.1,24.6,,2.77,78.86,0.924
USA,North America,United States,28-03-20,104686,18695,12151.714,1707,411,206.714,316.269,56.48,36.712,5.157,1.242,0.625,108151,1024621,3.096,0.327,95636,0.289,7.87,0.127,tests performed,72.69,331002647,35.608,38.3,15.413,9.732,54225.446,1.2,151.089,10.79,19.1,24.6,,2.77,78.86,0.924
USA,North America,United States,29-03-20,124665,19979,13988.286,2191,484,264.429,376.628,60.359,42.26,6.619,1.462,0.799,98775,1123396,3.394,0.298,100701,0.304,7.199,0.139,tests performed,72.69,331002647,35.608,38.3,15.413,9.732,54225.446,1.2,151.089,10.79,19.1,24.6,,2.77,78.86,0.924
USA,North America,United States,30-03-20,143025,18360,15402.714,2509,318,291.143,432.096,55.468,46.534,7.58,0.961,0.88,109309,1232705,3.724,0.33,106133,0.321,6.891,0.145,tests performed,72.69,331002647,35.608,38.3,15.413,9.732,54225.446,1.2,151.089,10.79,19.1,24.6,,2.77,78.86,0.924
USA,North America,United States,31-03-20,164620,21595,16882.571,3170,661,368.571,497.337,65.241,51.004,9.577,1.997,1.113,127632,1360337,4.11,0.386,111170,0.336,6.585,0.152,tests performed,72.69,331002647,35.608,38.3,15.413,9.732,54225.446,1.2,151.089,10.79,19.1,24.6,,2.77,78.86,0.924
USA,North America,United States,01-04-20,189618,24998,19198.143,4079,909,468.286,572.859,75.522,58,12.323,2.746,1.415,135502,1495839,4.519,0.409,116021,0.351,6.043,0.165,tests performed,72.69,331002647,35.608,38.3,15.413,9.732,54225.446,1.2,151.089,10.79,19.1,24.6,,2.77,78.86,0.924
USA,North America,United States,02-04-20,216721,27103,21075.286,5138,1059,584,654.741,81.882,63.671,15.523,3.199,1.764,142185,1638024,4.949,0.43,120122,0.363,5.7,0.175,tests performed,72.69,331002647,35.608,38.3,15.413,9.732,54225.446,1.2,151.089,10.79,19.1,24.6,,2.77,78.86,0.924
USA,North America,United States,03-04-20,245540,28819,22792.714,6053,915,679.571,741.807,87.066,68.86,18.287,2.764,2.053,151031,1789055,5.405,0.456,124655,0.377,5.469,0.183,tests performed,72.69,331002647,35.608,38.3,15.413,9.732,54225.446,1.2,151.089,10.79,19.1,24.6,,2.77,78.86,0.924
USA,North America,United States,04-04-20,277965,32425,24754.143,7157,1104,778.571,839.767,97.96,74.785,21.622,3.335,2.352,135284,1924339,5.814,0.409,128531,0.388,5.192,0.193,tests performed,72.69,331002647,35.608,38.3,15.413,9.732,54225.446,1.2,151.089,10.79,19.1,24.6,,2.77,78.86,0.924
USA,North America,United States,05-04-20,312237,34272,26796,8501,1344,901.429,943.307,103.54,80.954,25.683,4.06,2.723,128918,2053257,6.203,0.389,132837,0.401,4.957,0.202,tests performed,72.69,331002647,35.608,38.3,15.413,9.732,54225.446,1.2,151.089,10.79,19.1,24.6,,2.77,78.86,0.924
USA,North America,United States,06-04-20,337635,25398,27801.429,9647,1146,1019.714,1020.037,76.731,83.992,29.145,3.462,3.081,131478,2184735,6.6,0.397,136004,0.411,4.892,0.204,tests performed,72.69,331002647,35.608,38.3,15.413,9.732,54225.446,1.2,151.089,10.79,19.1,24.6,,2.77,78.86,0.924
USA,North America,United States,07-04-20,368196,30561,29082.286,10989,1342,1117,1112.366,92.329,87.861,33.199,4.054,3.375,151569,2336304,7.058,0.458,139424,0.421,4.794,0.209,tests performed,72.69,331002647,35.608,38.3,15.413,9.732,54225.446,1.2,151.089,10.79,19.1,24.6,,2.77,78.86,0.924
USA,North America,United States,08-04-20,398809,30613,29884.429,12895,1906,1259.429,1204.851,92.486,90.285,38.957,5.758,3.805,346735,2683039,8.106,1.048,169600,0.512,5.675,0.176,tests performed,72.69,331002647,35.608,38.3,15.413,9.732,54225.446,1.2,151.089,10.79,19.1,24.6,,2.77,78.86,0.924
USA,North America,United States,09-04-20,432132,33323,30773,14817,1922,1382.714,1305.524,100.673,92.969,44.764,5.807,4.177,167192,2850231,8.611,0.505,173172,0.523,5.627,0.178,tests performed,72.69,331002647,35.608,38.3,15.413,9.732,54225.446,1.2,151.089,10.79,19.1,24.6,,2.77,78.86,0.924
USA,North America,United States,10-04-20,466033,33901,31499,16690,1873,1519.571,1407.943,102.419,95.162,50.423,5.659,4.591,173561,3023792,9.135,0.524,176391,0.533,5.6,0.179,tests performed,72.69,331002647,35.608,38.3,15.413,9.732,54225.446,1.2,151.089,10.79,19.1,24.6,,2.77,78.86,0.924
USA,North America,United States,11-04-20,501560,35527,31942.143,18777,2087,1660,1515.275,107.331,96.501,56.728,6.305,5.015,207884,3231676,9.763,0.628,186762,0.564,5.847,0.171,tests performed,72.69,331002647,35.608,38.3,15.413,9.732,54225.446,1.2,151.089,10.79,19.1,24.6,,2.77,78.86,0.924
USA,North America,United States,12-04-20,529951,28391,31102,20608,1831,1729.571,1601.048,85.773,93.963,62.259,5.532,5.225,120212,3351888,10.126,0.363,185519,0.56,5.965,0.168,tests performed,72.69,331002647,35.608,38.3,15.413,9.732,54225.446,1.2,151.089,10.79,19.1,24.6,,2.77,78.86,0.924
USA,North America,United States,13-04-20,557571,27620,31419.429,22108,1500,1780.143,1684.491,83.443,94.922,66.791,4.532,5.378,109442,3461330,10.457,0.331,182371,0.551,5.804,0.172,tests performed,72.69,331002647,35.608,38.3,15.413,9.732,54225.446,1.2,151.089,10.79,19.1,24.6,,2.77,78.86,0.924
USA,North America,United States,14-04-20,582594,25023,30628.286,23649,1541,1808.571,1760.089,75.598,92.532,71.447,4.656,5.464,150337,3611667,10.911,0.454,182195,0.55,5.949,0.168,tests performed,72.69,331002647,35.608,38.3,15.413,9.732,54225.446,1.2,151.089,10.79,19.1,24.6,,2.77,78.86,0.924
USA,North America,United States,15-04-20,609516,26922,30101,26057,2408,1880.286,1841.423,81.335,90.939,78.721,7.275,5.681,181981,3793648,11.461,0.55,158658,0.479,5.271,0.19,tests performed,72.69,331002647,35.608,38.3,15.413,9.732,54225.446,1.2,151.089,10.79,19.1,24.6,,2.77,78.86,0.924
USA,North America,United States,16-04-20,639664,30148,29647.429,30985,4928,2309.714,1932.504,91.081,89.569,93.61,14.888,6.978,178569,3972217,12.001,0.539,160284,0.484,5.406,0.185,tests performed,72.69,331002647,35.608,38.3,15.413,9.732,54225.446,1.2,151.089,10.79,19.1,24.6,,2.77,78.86,0.924
USA,North America,United States,17-04-20,671331,31667,29328.286,33284,2299,2370.571,2028.174,95.67,88.604,100.555,6.946,7.162,177983,4150200,12.538,0.538,160915,0.486,5.487,0.182,tests performed,72.69,331002647,35.608,38.3,15.413,9.732,54225.446,1.2,151.089,10.79,19.1,24.6,,2.77,78.86,0.924
USA,North America,United States,18-04-20,702164,30833,28657.714,37054,3770,2611,2121.324,93.15,86.579,111.945,11.39,7.888,174982,4325182,13.067,0.529,156215,0.472,5.451,0.183,tests performed,72.69,331002647,35.608,38.3,15.413,9.732,54225.446,1.2,151.089,10.79,19.1,24.6,,2.77,78.86,0.924
USA,North America,United States,19-04-20,735086,32922,29305,38910,1856,2614.571,2220.786,99.461,88.534,117.552,5.607,7.899,133650,4458832,13.471,0.404,158135,0.478,5.396,0.185,tests performed,72.69,331002647,35.608,38.3,15.413,9.732,54225.446,1.2,151.089,10.79,19.1,24.6,,2.77,78.86,0.924
USA,North America,United States,20-04-20,759687,24601,28873.714,40682,1772,2653.429,2295.109,74.323,87.231,122.905,5.353,8.016,157020,4615852,13.945,0.474,164932,0.498,5.712,0.175,tests performed,72.69,331002647,35.608,38.3,15.413,9.732,54225.446,1.2,151.089,10.79,19.1,24.6,,2.77,78.86,0.924
USA,North America,United States,21-04-20,787752,28065,29308.286,42539,1857,2698.571,2379.896,84.788,88.544,128.516,5.61,8.153,218229,4834081,14.604,0.659,174631,0.528,5.958,0.168,tests performed,72.69,331002647,35.608,38.3,15.413,9.732,54225.446,1.2,151.089,10.79,19.1,24.6,,2.77,78.86,0.924
USA,North America,United States,22-04-20,825041,37289,30789.286,45063,2524,2715.143,2492.551,112.655,93.018,136.141,7.625,8.203,224998,5059079,15.284,0.68,180776,0.546,5.871,0.17,tests performed,72.69,331002647,35.608,38.3,15.413,9.732,54225.446,1.2,151.089,10.79,19.1,24.6,,2.77,78.86,0.924
USA,North America,United States,23-04-20,842629,17588,28995,46784,1721,2257,2545.687,53.136,87.597,141.34,5.199,6.819,218161,5277240,15.943,0.659,186432,0.563,6.43,0.156,tests performed,72.69,331002647,35.608,38.3,15.413,9.732,54225.446,1.2,151.089,10.79,19.1,24.6,,2.77,78.86,0.924
USA,North America,United States,24-04-20,869172,26543,28263,49963,3179,2382.714,2625.876,80.19,85.386,150.944,9.604,7.198,248561,5525801,16.694,0.751,196514,0.594,6.953,0.144,tests performed,72.69,331002647,35.608,38.3,15.413,9.732,54225.446,1.2,151.089,10.79,19.1,24.6,,2.77,78.86,0.924
USA,North America,United States,25-04-20,890524,21352,26908.571,51017,1054,1994.714,2690.383,64.507,81.294,154.129,3.184,6.026,216910,5742711,17.349,0.655,202504,0.612,7.526,0.133,tests performed,72.69,331002647,35.608,38.3,15.413,9.732,54225.446,1.2,151.089,10.79,19.1,24.6,,2.77,78.86,0.924
USA,North America,United States,26-04-20,939053,48529,29138.143,53189,2172,2039.857,2836.995,146.612,88.03,160.691,6.562,6.163,198580,5941291,17.949,0.6,211780,0.64,7.268,0.138,tests performed,72.69,331002647,35.608,38.3,15.413,9.732,54225.446,1.2,151.089,10.79,19.1,24.6,,2.77,78.86,0.924
USA,North America,United States,27-04-20,965910,26857,29460.429,54876,1687,2027.714,2918.134,81.138,89.004,165.787,5.097,6.126,217920,6159211,18.608,0.658,220480,0.666,7.484,0.134,tests performed,72.69,331002647,35.608,38.3,15.413,9.732,54225.446,1.2,151.089,10.79,19.1,24.6,,2.77,78.86,0.924
USA,North America,United States,28-04-20,988451,22541,28671.286,56245,1369,1958,2986.233,68.099,86.62,169.923,4.136,5.915,249025,6408236,19.36,0.752,224879,0.679,7.843,0.127,tests performed,72.69,331002647,35.608,38.3,15.413,9.732,54225.446,1.2,151.089,10.79,19.1,24.6,,2.77,78.86,0.924
USA,North America,United States,29-04-20,1012583,24132,26791.714,58355,2110,1898.857,3059.139,72.906,80.941,176.298,6.375,5.737,293507,6701743,20.247,0.887,234666,0.709,8.759,0.114,tests performed,72.69,331002647,35.608,38.3,15.413,9.732,54225.446,1.2,151.089,10.79,19.1,24.6,,2.77,78.86,0.924
USA,North America,United States,30-04-20,1039909,27326,28182.857,60966,2611,2026,3141.694,82.555,85.144,184.186,7.888,6.121,310295,7012038,21.184,0.937,247828,0.749,8.794,0.114,tests performed,72.69,331002647,35.608,38.3,15.413,9.732,54225.446,1.2,151.089,10.79,19.1,24.6,,2.77,78.86,0.924
USA,North America,United States,01-05-20,1069826,29917,28664.857,63006,2040,1863.286,3232.077,90.383,86.6,190.349,6.163,5.629,295725,7307763,22.078,0.893,254566,0.769,8.881,0.113,tests performed,72.69,331002647,35.608,38.3,15.413,9.732,54225.446,1.2,151.089,10.79,19.1,24.6,,2.77,78.86,0.924
USA,North America,United States,02-05-20,1103781,33955,30465.286,65068,2062,2007.286,3334.659,102.582,92.039,196.578,6.23,6.064,282144,7589907,22.93,0.852,263885,0.797,8.662,0.115,tests performed,72.69,331002647,35.608,38.3,15.413,9.732,54225.446,1.2,151.089,10.79,19.1,24.6,,2.77,78.86,0.924
USA,North America,United States,03-05-20,1133069,29288,27716.571,66385,1317,1885.143,3423.142,88.483,83.735,200.557,3.979,5.695,190027,7779934,23.504,0.574,262663,0.794,9.477,0.106,tests performed,72.69,331002647,35.608,38.3,15.413,9.732,54225.446,1.2,151.089,10.79,19.1,24.6,,2.77,78.86,0.924
USA,North America,United States,04-05-20,1158041,24972,27447.286,67682,1297,1829.429,3498.585,75.444,82.922,204.476,3.918,5.527,214534,7994468,24.152,0.648,262180,0.792,9.552,0.105,tests performed,72.69,331002647,35.608,38.3,15.413,9.732,54225.446,1.2,151.089,10.79,19.1,24.6,,2.77,78.86,0.924
USA,North America,United States,05-05-20,1180634,22593,27454.714,68934,1252,1812.714,3566.842,68.256,82.944,208.258,3.782,5.476,351290,8345758,25.214,1.061,276789,0.836,10.082,0.099,tests performed,72.69,331002647,35.608,38.3,15.413,9.732,54225.446,1.2,151.089,10.79,19.1,24.6,,2.77,78.86,0.924
USA,North America,United States,06-05-20,1204475,23841,27413.143,71078,2144,1817.571,3638.868,72.027,82.819,214.735,6.477,5.491,313602,8659360,26.161,0.947,279660,0.845,10.202,0.098,tests performed,72.69,331002647,35.608,38.3,15.413,9.732,54225.446,1.2,151.089,10.79,19.1,24.6,,2.77,78.86,0.924
USA,North America,United States,07-05-20,1228603,24128,26956.286,73431,2353,1780.714,3711.762,72.894,81.438,221.844,7.109,5.38,369220,9028580,27.276,1.115,288077,0.87,10.687,0.094,tests performed,72.69,331002647,35.608,38.3,15.413,9.732,54225.446,1.2,151.089,10.79,19.1,24.6,,2.77,78.86,0.924
USA,North America,United States,08-05-20,1256972,28369,26735.143,75670,2239,1809.143,3797.468,85.706,80.77,228.608,6.764,5.466,399666,9428246,28.484,1.207,302926,0.915,11.331,0.088,tests performed,72.69,331002647,35.608,38.3,15.413,9.732,54225.446,1.2,151.089,10.79,19.1,24.6,,2.77,78.86,0.924
USA,North America,United States,09-05-20,1283929,26957,25735.429,77180,1510,1730.286,3878.909,81.44,77.75,233.17,4.562,5.227,319462,9747708,29.449,0.965,308257,0.931,11.978,0.083,tests performed,72.69,331002647,35.608,38.3,15.413,9.732,54225.446,1.2,151.089,10.79,19.1,24.6,,2.77,78.86,0.924
USA,North America,United States,10-05-20,1309541,25612,25210.286,78794,1614,1772.714,3956.286,77.377,76.163,238.046,4.876,5.356,215620,9963328,30.1,0.651,311913,0.942,12.372,0.081,tests performed,72.69,331002647,35.608,38.3,15.413,9.732,54225.446,1.2,151.089,10.79,19.1,24.6,,2.77,78.86,0.924
USA,North America,United States,11-05-20,1329799,20258,24536.857,79528,734,1692.286,4017.488,61.202,74.129,240.264,2.218,5.113,352892,10316220,31.167,1.066,331679,1.002,13.518,0.074,tests performed,72.69,331002647,35.608,38.3,15.413,9.732,54225.446,1.2,151.089,10.79,19.1,24.6,,2.77,78.86,0.924
USA,North America,United States,12-05-20,1347916,18117,23897.429,80684,1156,1678.571,4072.221,54.734,72.197,243.756,3.492,5.071,407955,10724175,32.399,1.232,339774,1.026,14.218,0.07,tests performed,72.69,331002647,35.608,38.3,15.413,9.732,54225.446,1.2,151.089,10.79,19.1,24.6,,2.77,78.86,0.924
USA,North America,United States,13-05-20,1369964,22048,23641.286,82387,1703,1615.571,4138.831,66.61,71.423,248.901,5.145,4.881,424906,11149081,33.683,1.284,355674,1.075,15.045,0.066,tests performed,72.69,331002647,35.608,38.3,15.413,9.732,54225.446,1.2,151.089,10.79,19.1,24.6,,2.77,78.86,0.924
USA,North America,United States,14-05-20,1390746,20782,23163.286,84133,1746,1528.857,4201.616,62.785,69.979,254.176,5.275,4.619,434933,11584014,34.997,1.314,365062,1.103,15.76,0.063,tests performed,72.69,331002647,35.608,38.3,15.413,9.732,54225.446,1.2,151.089,10.79,19.1,24.6,,2.77,78.86,0.924
USA,North America,United States,15-05-20,1417889,27143,22988.143,85906,1773,1462.286,4283.618,82.002,69.45,259.533,5.356,4.418,430098,12014112,36.296,1.299,369409,1.116,16.07,0.062,tests performed,72.69,331002647,35.608,38.3,15.413,9.732,54225.446,1.2,151.089,10.79,19.1,24.6,,2.77,78.86,0.924
USA,North America,United States,16-05-20,1443397,25508,22781.143,87568,1662,1484,4360.681,77.063,68.825,264.554,5.021,4.483,364185,12378297,37.396,1.1,375798,1.135,16.496,0.061,tests performed,72.69,331002647,35.608,38.3,15.413,9.732,54225.446,1.2,151.089,10.79,19.1,24.6,,2.77,78.86,0.924
USA,North America,United States,17-05-20,1467884,24487,22620.429,88754,1186,1422.857,4434.659,73.978,68.339,268.137,3.583,4.299,305061,12683358,38.318,0.922,388576,1.174,17.178,0.058,tests performed,72.69,331002647,35.608,38.3,15.413,9.732,54225.446,1.2,151.089,10.79,19.1,24.6,,2.77,78.86,0.924
USA,North America,United States,18-05-20,1486757,18873,22422.571,89562,808,1433.429,4491.677,57.018,67.741,270.578,2.441,4.331,331604,13014962,39.32,1.002,385535,1.165,17.194,0.058,tests performed,72.69,331002647,35.608,38.3,15.413,9.732,54225.446,1.2,151.089,10.79,19.1,24.6,,2.77,78.86,0.924
USA,North America,United States,19-05-20,1508598,21841,22954.571,90353,791,1381.286,4557.661,65.984,69.349,272.968,2.39,4.173,455875,13470837,40.697,1.377,392380,1.185,17.094,0.059,tests performed,72.69,331002647,35.608,38.3,15.413,9.732,54225.446,1.2,151.089,10.79,19.1,24.6,,2.77,78.86,0.924
USA,North America,United States,20-05-20,1528568,19970,22657.714,91921,1568,1362,4617.993,60.332,68.452,277.705,4.737,4.115,413738,13884575,41.947,1.25,390785,1.181,17.247,0.058,tests performed,72.69,331002647,35.608,38.3,15.413,9.732,54225.446,1.2,151.089,10.79,19.1,24.6,,2.77,78.86,0.924
USA,North America,United States,21-05-20,1551853,23285,23015.286,93439,1518,1329.429,4688.34,70.347,69.532,282.291,4.586,4.016,512184,14396759,43.494,1.547,401821,1.214,17.459,0.057,tests performed,72.69,331002647,35.608,38.3,15.413,9.732,54225.446,1.2,151.089,10.79,19.1,24.6,,2.77,78.86,0.924
USA,North America,United States,22-05-20,1577287,25434,22771.143,94702,1263,1256.571,4765.179,76.839,68.794,286.106,3.816,3.796,494199,14890958,44.987,1.493,410978,1.242,18.048,0.055,tests performed,72.69,331002647,35.608,38.3,15.413,9.732,54225.446,1.2,151.089,10.79,19.1,24.6,,2.77,78.86,0.924
USA,North America,United States,23-05-20,1601434,24147,22576.714,96007,1305,1205.571,4838.13,72.951,68.207,290.049,3.943,3.642,383055,15274013,46.145,1.157,413674,1.25,18.323,0.055,tests performed,72.69,331002647,35.608,38.3,15.413,9.732,54225.446,1.2,151.089,10.79,19.1,24.6,,2.77,78.86,0.924
USA,North America,United States,24-05-20,1622670,21236,22112.286,97087,1080,1190.429,4902.287,64.157,66.804,293.312,3.263,3.596,296066,15570079,47.039,0.894,412389,1.246,18.65,0.054,tests performed,72.69,331002647,35.608,38.3,15.413,9.732,54225.446,1.2,151.089,10.79,19.1,24.6,,2.77,78.86,0.924
USA,North America,United States,25-05-20,1643238,20568,22354.429,97720,633,1165.429,4964.426,62.138,67.535,295.224,1.912,3.521,397582,15967661,48.24,1.201,421814,1.274,18.869,0.053,tests performed,72.69,331002647,35.608,38.3,15.413,9.732,54225.446,1.2,151.089,10.79,19.1,24.6,,2.77,78.86,0.924
USA,North America,United States,26-05-20,1662302,19064,21957.714,98220,500,1123.857,5022.02,57.595,66.337,296.735,1.511,3.395,461596,16429257,49.635,1.395,422631,1.277,19.247,0.052,tests performed,72.69,331002647,35.608,38.3,15.413,9.732,54225.446,1.2,151.089,10.79,19.1,24.6,,2.77,78.86,0.924
USA,North America,United States,27-05-20,1681212,18910,21806.286,98916,696,999.286,5079.15,57.129,65.879,298.837,2.103,3.019,518834,16948091,51.202,1.567,437645,1.322,20.07,0.05,tests performed,72.69,331002647,35.608,38.3,15.413,9.732,54225.446,1.2,151.089,10.79,19.1,24.6,,2.77,78.86,0.924
USA,North America,United States,28-05-20,1699933,18721,21154.286,100442,1526,1000.429,5135.708,56.558,63.91,303.448,4.61,3.022,531880,17479971,52.809,1.607,440459,1.331,20.821,0.048,tests performed,72.69,331002647,35.608,38.3,15.413,9.732,54225.446,1.2,151.089,10.79,19.1,24.6,,2.77,78.86,0.924
USA,North America,United States,29-05-20,1721750,21817,20637.571,101617,1175,987.857,5201.62,65.912,62.349,306.998,3.55,2.984,513066,17993037,54.359,1.55,443154,1.339,21.473,0.047,tests performed,72.69,331002647,35.608,38.3,15.413,9.732,54225.446,1.2,151.089,10.79,19.1,24.6,,2.77,78.86,0.924
USA,North America,United States,30-05-20,1747087,25337,20807.571,102836,1219,975.571,5278.166,76.546,62.862,310.68,3.683,2.947,468277,18461314,55.774,1.415,455329,1.376,21.883,0.046,tests performed,72.69,331002647,35.608,38.3,15.413,9.732,54225.446,1.2,151.089,10.79,19.1,24.6,,2.77,78.86,0.924
USA,North America,United States,31-05-20,1770384,23297,21102,103781,945,956.286,5348.549,70.383,63.752,313.535,2.855,2.889,369735,18831049,56.891,1.117,465853,1.407,22.076,0.045,tests performed,72.69,331002647,35.608,38.3,15.413,9.732,54225.446,1.2,151.089,10.79,19.1,24.6,,2.77,78.86,0.924
USA,North America,United States,01-06-20,1790191,19807,20993.286,104383,602,951.857,5408.389,59.839,63.423,315.354,1.819,2.876,431411,19262460,58.194,1.303,470686,1.422,22.421,0.045,tests performed,72.69,331002647,35.608,38.3,15.413,9.732,54225.446,1.2,151.089,10.79,19.1,24.6,,2.77,78.86,0.924
USA,North America,United States,02-06-20,1811277,21086,21282.143,105147,764,989.571,5472.092,63.703,64.296,317.662,2.308,2.99,464152,19726612,59.597,1.402,471051,1.423,22.134,0.045,tests performed,72.69,331002647,35.608,38.3,15.413,9.732,54225.446,1.2,151.089,10.79,19.1,24.6,,2.77,78.86,0.924
USA,North America,United States,03-06-20,1831821,20544,21515.571,106181,1034,1037.857,5534.158,62.066,65.001,320.786,3.124,3.135,621861,20348473,61.475,1.879,485769,1.468,22.578,0.044,tests performed,72.69,331002647,35.608,38.3,15.413,9.732,54225.446,1.2,151.089,10.79,19.1,24.6,,2.77,78.86,0.924
USA,North America,United States,04-06-20,1851520,19699,21655.286,107175,994,961.857,5593.671,59.513,65.423,323.789,3.003,2.906,602042,20950515,63.294,1.819,495792,1.498,22.895,0.044,tests performed,72.69,331002647,35.608,38.3,15.413,9.732,54225.446,1.2,151.089,10.79,19.1,24.6,,2.77,78.86,0.924
USA,North America,United States,05-06-20,1872660,21140,21558.571,108211,1036,942,5657.538,63.867,65.131,326.919,3.13,2.846,552163,21502678,64.962,1.668,501377,1.515,23.257,0.043,tests performed,72.69,331002647,35.608,38.3,15.413,9.732,54225.446,1.2,151.089,10.79,19.1,24.6,,2.77,78.86,0.924
USA,North America,United States,06-06-20,1897838,25178,21535.857,109143,932,901,5733.604,76.066,65.062,329.735,2.816,2.722,505188,22007866,66.488,1.526,506650,1.531,23.526,0.043,tests performed,72.69,331002647,35.608,38.3,15.413,9.732,54225.446,1.2,151.089,10.79,19.1,24.6,,2.77,78.86,0.924
USA,North America,United States,07-06-20,1920061,22223,21382.429,109802,659,860.143,5800.742,67.138,64.599,331.725,1.991,2.599,353394,22361260,67.556,1.068,504316,1.524,23.586,0.042,tests performed,72.69,331002647,35.608,38.3,15.413,9.732,54225.446,1.2,151.089,10.79,19.1,24.6,,2.77,78.86,0.924
USA,North America,United States,08-06-20,1942363,22302,21738.857,110514,712,875.857,5868.119,67.377,65.676,333.876,2.151,2.646,682549,23043809,69.618,2.062,540193,1.632,24.849,0.04,tests performed,72.69,331002647,35.608,38.3,15.413,9.732,54225.446,1.2,151.089,10.79,19.1,24.6,,2.77,78.86,0.924
USA,North America,United States,09-06-20,1961185,18822,21415.429,111007,493,837.143,5924.983,56.864,64.699,335.366,1.489,2.529,588224,23632033,71.395,1.777,557917,1.686,26.052,0.038,tests performed,72.69,331002647,35.608,38.3,15.413,9.732,54225.446,1.2,151.089,10.79,19.1,24.6,,2.77,78.86,0.924
USA,North America,United States,10-06-20,1979850,18665,21147,112006,999,832.143,5981.372,56.389,63.888,338.384,3.018,2.514,641698,24273731,73.334,1.939,560751,1.694,26.517,0.038,tests performed,72.69,331002647,35.608,38.3,15.413,9.732,54225.446,1.2,151.089,10.79,19.1,24.6,,2.77,78.86,0.924
USA,North America,United States,11-06-20,2000464,20614,21277.714,112924,918,821.286,6043.65,62.277,64.283,341.157,2.773,2.481,530280,24804011,74.936,1.602,550499,1.663,25.872,0.039,tests performed,72.69,331002647,35.608,38.3,15.413,9.732,54225.446,1.2,151.089,10.79,19.1,24.6,,2.77,78.86,0.924
USA,North America,United States,12-06-20,2023347,22883,21526.714,113820,896,801.286,6112.782,69.132,65.035,343.864,2.707,2.421,539133,25343144,76.565,1.629,548638,1.658,25.486,0.039,tests performed,72.69,331002647,35.608,38.3,15.413,9.732,54225.446,1.2,151.089,10.79,19.1,24.6,,2.77,78.86,0.924
USA,North America,United States,13-06-20,2048986,25639,21592.571,114669,849,789.429,6190.241,77.459,65.234,346.429,2.565,2.385,616980,25960124,78.429,1.864,564608,1.706,26.148,0.038,tests performed,72.69,331002647,35.608,38.3,15.413,9.732,54225.446,1.2,151.089,10.79,19.1,24.6,,2.77,78.86,0.924
USA,North America,United States,14-06-20,2074526,25540,22066.429,115436,767,804.857,6267.4,77.16,66.665,348.746,2.317,2.432,354714,26314838,79.5,1.072,564797,1.706,25.595,0.039,tests performed,72.69,331002647,35.608,38.3,15.413,9.732,54225.446,1.2,151.089,10.79,19.1,24.6,,2.77,78.86,0.924
USA,North America,United States,15-06-20,2094069,19543,21672.286,115732,296,745.429,6326.442,59.042,65.475,349.641,0.894,2.252,569002,26883840,81.219,1.719,548576,1.657,25.312,0.04,tests performed,68.98,331002647,35.608,38.3,15.413,9.732,54225.446,1.2,151.089,10.79,19.1,24.6,,2.77,78.86,0.924
USA,North America,United States,16-06-20,2114026,19957,21834.429,116127,395,731.429,6386.734,60.293,65.965,350.834,1.193,2.21,648362,27532202,83.178,1.959,557167,1.683,25.518,0.039,tests performed,68.98,331002647,35.608,38.3,15.413,9.732,54225.446,1.2,151.089,10.79,19.1,24.6,,2.77,78.86,0.924
USA,North America,United States,17-06-20,2137731,23705,22554.429,116963,836,708.143,6458.35,71.616,68.14,353.36,2.526,2.139,704243,28236445,85.306,2.128,566102,1.71,25.099,0.04,tests performed,68.98,331002647,35.608,38.3,15.413,9.732,54225.446,1.2,151.089,10.79,19.1,24.6,,2.77,78.86,0.924
USA,North America,United States,18-06-20,2163290,25559,23260.857,117717,754,684.714,6535.567,77.217,70.274,355.638,2.278,2.069,702561,28939006,87.428,2.123,590714,1.785,25.395,0.039,tests performed,68.98,331002647,35.608,38.3,15.413,9.732,54225.446,1.2,151.089,10.79,19.1,24.6,,2.77,78.86,0.924
USA,North America,United States,19-06-20,2191052,27762,23957.857,118434,717,659.143,6619.44,83.872,72.38,357.804,2.166,1.991,822943,29761949,89.915,2.486,631258,1.907,26.349,0.038,tests performed,68.98,331002647,35.608,38.3,15.413,9.732,54225.446,1.2,151.089,10.79,19.1,24.6,,2.77,78.86,0.924
USA,North America,United States,20-06-20,2220961,29909,24567.857,119112,678,634.714,6709.798,90.359,74.223,359.852,2.048,1.918,612729,30374678,91.766,1.851,630651,1.905,25.67,0.039,tests performed,68.98,331002647,35.608,38.3,15.413,9.732,54225.446,1.2,151.089,10.79,19.1,24.6,,2.77,78.86,0.924
USA,North America,United States,21-06-20,2255119,34158,25799,119719,607,611.857,6812.994,103.196,77.942,361.686,1.834,1.848,451028,30825706,93.128,1.363,644410,1.947,24.978,0.04,tests performed,68.98,331002647,35.608,38.3,15.413,9.732,54225.446,1.2,151.089,10.79,19.1,24.6,,2.77,78.86,0.924
USA,North America,United States,22-06-20,2280912,25793,26691.857,119975,256,606.143,6890.918,77.924,80.639,362.459,0.773,1.831,590020,31415726,94.911,1.783,647412,1.956,24.255,0.041,tests performed,68.98,331002647,35.608,38.3,15.413,9.732,54225.446,1.2,151.089,10.79,19.1,24.6,,2.77,78.86,0.924
USA,North America,United States,23-06-20,2312302,31390,28325.143,120402,427,610.714,6985.751,94.833,85.574,363.749,1.29,1.845,790251,32205977,97.298,2.387,667682,2.017,23.572,0.042,tests performed,68.98,331002647,35.608,38.3,15.413,9.732,54225.446,1.2,151.089,10.79,19.1,24.6,,2.77,78.86,0.924
USA,North America,United States,24-06-20,2347022,34720,29898.714,121228,826,609.286,7090.644,104.893,90.328,366.245,2.495,1.841,729586,32935563,99.502,2.204,671303,2.028,22.453,0.045,tests performed,68.98,331002647,35.608,38.3,15.413,9.732,54225.446,1.2,151.089,10.79,19.1,24.6,,2.77,78.86,0.924
USA,North America,United States,25-06-20,2381361,34339,31153,121979,751,608.857,7194.387,103.742,94.117,368.514,2.269,1.839,740369,33675932,101.739,2.237,676704,2.044,21.722,0.046,tests performed,68.98,331002647,35.608,38.3,15.413,9.732,54225.446,1.2,151.089,10.79,19.1,24.6,,2.77,78.86,0.924
USA,North America,United States,26-06-20,2422310,40949,33036.857,124416,2437,854.571,7318.099,123.712,99.808,375.876,7.362,2.582,776692,34452624,104.086,2.346,670096,2.024,20.283,0.049,tests performed,68.98,331002647,35.608,38.3,15.413,9.732,54225.446,1.2,151.089,10.79,19.1,24.6,,2.77,78.86,0.924
USA,North America,United States,27-06-20,2467837,45527,35268,125039,623,846.714,7455.641,137.543,106.549,377.758,1.882,2.558,666109,35118733,106.098,2.012,677722,2.047,19.216,0.052,tests performed,68.98,331002647,35.608,38.3,15.413,9.732,54225.446,1.2,151.089,10.79,19.1,24.6,,2.77,78.86,0.924
USA,North America,United States,28-06-20,2510323,42486,36457.714,125539,500,831.429,7583.997,128.355,110.143,379.269,1.511,2.512,490355,35609088,107.579,1.481,683340,2.064,18.743,0.053,tests performed,68.98,331002647,35.608,38.3,15.413,9.732,54225.446,1.2,151.089,10.79,19.1,24.6,,2.77,78.86,0.924
USA,North America,United States,29-06-20,2548996,38673,38297.714,125804,265,832.714,7700.833,116.836,115.702,380.069,0.801,2.516,765256,36374344,109.891,2.312,708374,2.14,18.497,0.054,tests performed,68.98,331002647,35.608,38.3,15.413,9.732,54225.446,1.2,151.089,10.79,19.1,24.6,,2.77,78.86,0.924
USA,North America,United States,30-06-20,2590552,41556,39750,126140,336,819.714,7826.379,125.546,120.09,381.085,1.015,2.476,870399,37244743,112.521,2.63,719824,2.175,18.109,0.055,tests performed,68.98,331002647,35.608,38.3,15.413,9.732,54225.446,1.2,151.089,10.79,19.1,24.6,,2.77,78.86,0.924
USA,North America,United States,01-07-20,2634432,43880,41058.571,127410,1270,883.143,7958.945,132.567,124.043,384.921,3.837,2.668,925251,38169994,115.316,2.795,747776,2.259,18.212,0.055,tests performed,68.98,331002647,35.608,38.3,15.413,9.732,54225.446,1.2,151.089,10.79,19.1,24.6,,2.77,78.86,0.924
USA,North America,United States,02-07-20,2686480,52048,43588.429,128062,652,869,8116.189,157.243,131.686,386.891,1.97,2.625,747606,38917600,117.575,2.259,748810,2.262,17.179,0.058,tests performed,68.98,331002647,35.608,38.3,15.413,9.732,54225.446,1.2,151.089,10.79,19.1,24.6,,2.77,78.86,0.924
USA,North America,United States,03-07-20,2739879,53399,45367,128740,678,617.714,8277.514,161.325,137.059,388.939,2.048,1.866,763382,39680982,119.881,2.306,746908,2.257,16.464,0.061,tests performed,68.98,331002647,35.608,38.3,15.413,9.732,54225.446,1.2,151.089,10.79,19.1,24.6,,2.77,78.86,0.924
USA,North America,United States,04-07-20,2794321,54442,46640.571,129434,694,627.857,8441.99,164.476,140.907,391.036,2.097,1.897,532663,40213645,121.49,1.609,727845,2.199,15.605,0.064,tests performed,68.98,331002647,35.608,38.3,15.413,9.732,54225.446,1.2,151.089,10.79,19.1,24.6,,2.77,78.86,0.924
USA,North America,United States,05-07-20,2839542,45221,47031.286,129676,242,591,8578.608,136.618,142.087,391.767,0.731,1.785,447687,40661332,122.843,1.353,721749,2.18,15.346,0.065,tests performed,68.98,331002647,35.608,38.3,15.413,9.732,54225.446,1.2,151.089,10.79,19.1,24.6,,2.77,78.86,0.924
USA,North America,United States,06-07-20,2888635,49093,48519.857,129947,271,591.857,8726.924,148.316,146.584,392.586,0.819,1.788,895525,41556857,125.548,2.705,740359,2.237,15.259,0.066,tests performed,68.98,331002647,35.608,38.3,15.413,9.732,54225.446,1.2,151.089,10.79,19.1,24.6,,2.77,78.86,0.924
USA,North America,United States,07-07-20,2938625,49990,49724.714,130306,359,595.143,8877.95,151.026,150.225,393.671,1.085,1.798,862145,42419002,128.153,2.605,739180,2.233,14.865,0.067,tests performed,68.98,331002647,35.608,38.3,15.413,9.732,54225.446,1.2,151.089,10.79,19.1,24.6,,2.77,78.86,0.924
USA,North America,United States,08-07-20,2996098,57473,51666.571,131480,1174,581.429,9051.583,173.633,156.091,397.217,3.547,1.757,935037,43354039,130.978,2.825,740578,2.237,14.334,0.07,tests performed,68.98,331002647,35.608,38.3,15.413,9.732,54225.446,1.2,151.089,10.79,19.1,24.6,,2.77,78.86,0.924
USA,North America,United States,09-07-20,3055004,58906,52646.286,132309,829,606.714,9229.546,177.962,159.051,399.722,2.505,1.833,946711,44300750,133.838,2.86,769021,2.323,14.607,0.068,tests performed,68.98,331002647,35.608,38.3,15.413,9.732,54225.446,1.2,151.089,10.79,19.1,24.6,,2.77,78.86,0.924
USA,North America,United States,10-07-20,3118008,63004,54018.429,133291,982,650.143,9419.888,190.343,163.196,402.689,2.967,1.964,950772,45251522,136.71,2.872,795791,2.404,14.732,0.068,tests performed,68.98,331002647,35.608,38.3,15.413,9.732,54225.446,1.2,151.089,10.79,19.1,24.6,,2.77,78.86,0.924
USA,North America,United States,11-07-20,3184633,66625,55758.857,134097,806,666.143,9621.171,201.282,168.454,405.124,2.435,2.013,830141,46081663,139.218,2.508,838288,2.533,15.034,0.067,tests performed,68.98,331002647,35.608,38.3,15.413,9.732,54225.446,1.2,151.089,10.79,19.1,24.6,,2.77,78.86,0.924
USA,North America,United States,12-07-20,3247684,63051,58306,134814,717,734,9811.656,190.485,176.15,407.29,2.166,2.218,721073,46802736,141.397,2.178,877343,2.651,15.047,0.066,tests performed,68.98,331002647,35.608,38.3,15.413,9.732,54225.446,1.2,151.089,10.79,19.1,24.6,,2.77,78.86,0.924
USA,North America,United States,13-07-20,3304942,57258,59472.429,135205,391,751.143,9984.639,172.984,179.674,408.471,1.181,2.269,837284,47640020,143.926,2.53,869023,2.625,14.612,0.068,tests performed,68.98,331002647,35.608,38.3,15.413,9.732,54225.446,1.2,151.089,10.79,19.1,24.6,,2.77,78.86,0.924
USA,North America,United States,14-07-20,3363056,58114,60633,135605,400,757,10160.209,175.57,183.18,409.68,1.208,2.287,926690,48566710,146.726,2.8,878244,2.653,14.485,0.069,tests performed,68.98,331002647,35.608,38.3,15.413,9.732,54225.446,1.2,151.089,10.79,19.1,24.6,,2.77,78.86,0.924
USA,North America,United States,15-07-20,3431574,68518,62210.857,136466,861,712.286,10367.21,207.001,187.947,412.281,2.601,2.152,879198,49445908,149.382,2.656,870267,2.629,13.989,0.071,tests performed,68.98,331002647,35.608,38.3,15.413,9.732,54225.446,1.2,151.089,10.79,19.1,24.6,,2.77,78.86,0.924
USA,North America,United States,16-07-20,3499291,67717,63469.571,137419,953,730,10571.792,204.581,191.749,415.16,2.879,2.205,1119040,50564948,152.763,3.381,894885,2.704,14.099,0.071,tests performed,68.98,331002647,35.608,38.3,15.413,9.732,54225.446,1.2,151.089,10.79,19.1,24.6,,2.77,78.86,0.924
USA,North America,United States,17-07-20,3576221,76930,65459,138358,939,723.857,10804.207,232.415,197.76,417.997,2.837,2.187,1020197,51585145,155.845,3.082,904803,2.734,13.822,0.072,tests performed,68.98,331002647,35.608,38.3,15.413,9.732,54225.446,1.2,151.089,10.79,19.1,24.6,,2.77,78.86,0.924
USA,North America,United States,18-07-20,3647715,71494,66154.571,139266,908,738.429,11020.199,215.992,199.861,420.74,2.743,2.231,871599,52456744,158.478,2.633,910726,2.751,13.767,0.073,tests performed,68.98,331002647,35.608,38.3,15.413,9.732,54225.446,1.2,151.089,10.79,19.1,24.6,,2.77,78.86,0.924
USA,North America,United States,19-07-20,3711464,63749,66254.286,140119,853,757.857,11212.793,192.594,200.162,423.317,2.577,2.29,612006,53068750,160.327,1.849,895145,2.704,13.511,0.074,tests performed,68.98,331002647,35.608,38.3,15.413,9.732,54225.446,1.2,151.089,10.79,19.1,24.6,,2.77,78.86,0.924
USA,North America,United States,20-07-20,3773260,61796,66902.571,140534,415,761.286,11399.486,186.693,202.121,424.571,1.254,2.3,755002,53823752,162.608,2.281,883390,2.669,13.204,0.076,tests performed,67.13,331002647,35.608,38.3,15.413,9.732,54225.446,1.2,151.089,10.79,19.1,24.6,,2.77,78.86,0.924
USA,North America,United States,21-07-20,3830010,56750,66707.714,140906,372,757.286,11570.935,171.449,201.532,425.694,1.124,2.288,1245943,55069695,166.372,3.764,928998,2.807,13.926,0.072,tests performed,67.13,331002647,35.608,38.3,15.413,9.732,54225.446,1.2,151.089,10.79,19.1,24.6,,2.77,78.86,0.924
USA,North America,United States,22-07-20,3902058,72048,67212,142066,1160,800,11788.601,217.666,203.056,429.199,3.505,2.417,1065790,56135485,169.592,3.22,955654,2.887,14.219,0.07,tests performed,67.13,331002647,35.608,38.3,15.413,9.732,54225.446,1.2,151.089,10.79,19.1,24.6,,2.77,78.86,0.924
USA,North America,United States,23-07-20,3970906,68848,67373.571,143190,1124,824.429,11996.599,207.998,203.544,432.595,3.396,2.491,1053353,57188838,172.775,3.182,946270,2.859,14.045,0.071,tests performed,67.13,331002647,35.608,38.3,15.413,9.732,54225.446,1.2,151.089,10.79,19.1,24.6,,2.77,78.86,0.924
USA,North America,United States,24-07-20,4034102,63196,65411.571,144242,1052,840.571,12187.522,190.923,197.616,435.773,3.178,2.539,909172,58098010,175.521,2.747,930409,2.811,14.224,0.07,tests performed,67.13,331002647,35.608,38.3,15.413,9.732,54225.446,1.2,151.089,10.79,19.1,24.6,,2.77,78.86,0.924
USA,North America,United States,25-07-20,4112529,78427,66402,145546,1304,897.143,12424.46,236.938,200.609,439.712,3.94,2.71,943011,59041021,178.37,2.849,940611,2.842,14.165,0.071,tests performed,67.13,331002647,35.608,38.3,15.413,9.732,54225.446,1.2,151.089,10.79,19.1,24.6,,2.77,78.86,0.924
USA,North America,United States,26-07-20,4178027,65498,66651.857,146460,914,905.857,12622.337,197.878,201.364,442.474,2.761,2.737,645365,59686386,180.32,1.95,945377,2.856,14.184,0.071,tests performed,67.13,331002647,35.608,38.3,15.413,9.732,54225.446,1.2,151.089,10.79,19.1,24.6,,2.77,78.86,0.924
USA,North America,United States,27-07-20,4234020,55993,65822.857,146935,475,914.429,12791.499,169.162,198.859,443.909,1.435,2.763,733327,60419713,182.535,2.215,942280,2.847,14.315,0.07,tests performed,67.13,331002647,35.608,38.3,15.413,9.732,54225.446,1.2,151.089,10.79,19.1,24.6,,2.77,78.86,0.924
USA,North America,United States,28-07-20,4290263,56243,65750.429,148011,1076,1015,12961.416,169.917,198.64,447.16,3.251,3.066,882798,61302511,185.202,2.667,890402,2.69,13.542,0.074,tests performed,67.13,331002647,35.608,38.3,15.413,9.732,54225.446,1.2,151.089,10.79,19.1,24.6,,2.77,78.86,0.924
USA,North America,United States,29-07-20,4351997,61734,64277,149256,1245,1027.143,13147.922,186.506,194.189,450.921,3.761,3.103,873241,62175752,187.841,2.638,862895,2.607,13.425,0.074,tests performed,67.13,331002647,35.608,38.3,15.413,9.732,54225.446,1.2,151.089,10.79,19.1,24.6,,2.77,78.86,0.924
USA,North America,United States,30-07-20,4426982,74985,65153.714,150713,1457,1074.714,13374.461,226.539,196.837,455.323,4.402,3.247,1011533,63187285,190.897,3.056,856921,2.589,13.152,0.076,tests performed,67.13,331002647,35.608,38.3,15.413,9.732,54225.446,1.2,151.089,10.79,19.1,24.6,,2.77,78.86,0.924
USA,North America,United States,31-07-20,4495014,68032,65844.571,152070,1357,1118.286,13579.994,205.533,198.925,459.422,4.1,3.378,978148,64165433,193.852,2.955,866775,2.619,13.164,0.076,tests performed,67.13,331002647,35.608,38.3,15.413,9.732,54225.446,1.2,151.089,10.79,19.1,24.6,,2.77,78.86,0.924
USA,North America,United States,01-08-20,4562037,67023,64215.429,153314,1244,1109.714,13782.479,202.485,194.003,463.181,3.758,3.353,781581,64947014,196.213,2.361,843713,2.549,13.139,0.076,tests performed,67.13,331002647,35.608,38.3,15.413,9.732,54225.446,1.2,151.089,10.79,19.1,24.6,,2.77,78.86,0.924
USA,North America,United States,02-08-20,4620444,58407,63202.429,154447,1133,1141,13958.934,176.455,190.942,466.604,3.423,3.447,587164,65534178,197.987,1.774,835399,2.524,13.218,0.076,tests performed,67.13,331002647,35.608,38.3,15.413,9.732,54225.446,1.2,151.089,10.79,19.1,24.6,,2.77,78.86,0.924
USA,North America,United States,03-08-20,4667955,47511,61990.714,154860,413,1132.143,14102.47,143.537,187.282,467.851,1.248,3.42,696128,66230306,200.09,2.103,830085,2.508,13.39,0.075,tests performed,67.13,331002647,35.608,38.3,15.413,9.732,54225.446,1.2,151.089,10.79,19.1,24.6,,2.77,78.86,0.924
USA,North America,United States,04-08-20,4713562,45607,60471.286,155403,543,1056,14240.255,137.784,182.691,469.492,1.64,3.19,792394,67022700,202.484,2.394,817170,2.469,13.513,0.074,tests performed,67.13,331002647,35.608,38.3,15.413,9.732,54225.446,1.2,151.089,10.79,19.1,24.6,,2.77,78.86,0.924
USA,North America,United States,05-08-20,4771087,57525,59870,156806,1403,1078.571,14414.045,173.79,180.875,473.73,4.239,3.258,893499,67916199,205.183,2.699,820064,2.478,13.697,0.073,tests performed,67.13,331002647,35.608,38.3,15.413,9.732,54225.446,1.2,151.089,10.79,19.1,24.6,,2.77,78.86,0.924
USA,North America,United States,06-08-20,4823891,52804,56701.286,158256,1450,1077.571,14573.572,159.527,171.302,478.111,4.381,3.255,916697,68832896,207.953,2.769,806516,2.437,14.224,0.07,tests performed,67.13,331002647,35.608,38.3,15.413,9.732,54225.446,1.2,151.089,10.79,19.1,24.6,,2.77,78.86,0.924
USA,North America,United States,07-08-20,4883646,59755,55518.857,160104,1848,1147.714,14754.1,180.527,167.729,483.694,5.583,3.467,924930,69757826,210.747,2.794,798913,2.414,14.39,0.069,tests performed,67.13,331002647,35.608,38.3,15.413,9.732,54225.446,1.2,151.089,10.79,19.1,24.6,,2.77,78.86,0.924
USA,North America,United States,08-08-20,4941796,58150,54251.286,161356,1252,1148.857,14929.778,175.678,163.9,487.476,3.782,3.471,828402,70586228,213.25,2.503,805602,2.434,14.849,0.067,tests performed,67.13,331002647,35.608,38.3,15.413,9.732,54225.446,1.2,151.089,10.79,19.1,24.6,,2.77,78.86,0.924
USA,North America,United States,09-08-20,4998017,56221,53939,162425,1069,1139.714,15099.628,169.851,162.956,490.706,3.23,3.443,720368,71306596,215.426,2.176,824631,2.491,15.288,0.065,tests performed,67.13,331002647,35.608,38.3,15.413,9.732,54225.446,1.2,151.089,10.79,19.1,24.6,,2.77,78.86,0.924
USA,North America,United States,10-08-20,5044864,46847,53844.143,162938,513,1154,15241.159,141.531,162.67,492.256,1.55,3.486,799112,72105708,217.84,2.414,839343,2.536,15.588,0.064,tests performed,67.13,331002647,35.608,38.3,15.413,9.732,54225.446,1.2,151.089,10.79,19.1,24.6,,2.77,78.86,0.924
USA,North America,United States,11-08-20,5094394,49530,54404.571,163461,523,1151.143,15390.795,149.636,164.363,493.836,1.58,3.478,972820,73078528,220.779,2.939,865118,2.614,15.902,0.063,tests performed,67.13,331002647,35.608,38.3,15.413,9.732,54225.446,1.2,151.089,10.79,19.1,24.6,,2.77,78.86,0.924
USA,North America,United States,12-08-20,5141207,46813,52874.286,164537,1076,1104.429,15532.223,141.428,159.74,497.087,3.251,3.337,971330,74049858,223.714,2.935,876237,2.647,16.572,0.06,tests performed,67.13,331002647,35.608,38.3,15.413,9.732,54225.446,1.2,151.089,10.79,19.1,24.6,,2.77,78.86,0.924
USA,North America,United States,13-08-20,5197148,55941,53322.429,166027,1490,1110.143,15701.228,169.005,161.094,501.588,4.501,3.354,1057358,75107216,226.908,3.194,896331,2.708,16.81,0.059,tests performed,67.13,331002647,35.608,38.3,15.413,9.732,54225.446,1.2,151.089,10.79,19.1,24.6,,2.77,78.86,0.924
USA,North America,United States,14-08-20,5248242,51094,52085.143,167110,1083,1000.857,15855.589,154.361,157.356,504.86,3.272,3.024,990439,76097655,229.9,2.992,905690,2.736,17.389,0.058,tests performed,67.13,331002647,35.608,38.3,15.413,9.732,54225.446,1.2,151.089,10.79,19.1,24.6,,2.77,78.86,0.924
USA,North America,United States,15-08-20,5313080,64838,53040.571,168446,1336,1012.857,16051.473,195.884,160.242,508.896,4.036,3.06,851931,76949586,232.474,2.574,909051,2.746,17.139,0.058,tests performed,67.13,331002647,35.608,38.3,15.413,9.732,54225.446,1.2,151.089,10.79,19.1,24.6,,2.77,78.86,0.924
USA,North America,United States,16-08-20,5361165,48085,51878.286,169481,1035,1008,16196.744,145.271,156.731,512.023,3.127,3.045,631577,77581163,234.382,1.908,896367,2.708,17.278,0.058,tests performed,67.13,331002647,35.608,38.3,15.413,9.732,54225.446,1.2,151.089,10.79,19.1,24.6,,2.77,78.86,0.924
USA,North America,United States,17-08-20,5403269,42104,51200.714,170052,571,1016.286,16323.945,127.201,154.684,513.748,1.725,3.07,680436,78261599,236.438,2.056,879413,2.657,17.176,0.058,tests performed,67.13,331002647,35.608,38.3,15.413,9.732,54225.446,1.2,151.089,10.79,19.1,24.6,,2.77,78.86,0.924
USA,North America,United States,18-08-20,5438325,35056,49133,170497,445,1005.143,16429.854,105.909,148.437,515.093,1.344,3.037,867539,79129138,239.059,2.621,864373,2.611,17.593,0.057,tests performed,67.13,331002647,35.608,38.3,15.413,9.732,54225.446,1.2,151.089,10.79,19.1,24.6,,2.77,78.86,0.924
USA,North America,United States,19-08-20,5482416,44091,48744.143,171821,1324,1040.571,16563.058,133.204,147.262,519.093,4,3.144,973327,80102465,241.999,2.941,864658,2.612,17.739,0.056,tests performed,67.13,331002647,35.608,38.3,15.413,9.732,54225.446,1.2,151.089,10.79,19.1,24.6,,2.77,78.86,0.924
USA,North America,United States,20-08-20,5529842,47426,47527.714,173177,1356,1021.429,16706.338,143.28,143.587,523.189,4.097,3.086,979939,81082404,244.96,2.961,853598,2.579,17.96,0.056,tests performed,67.13,331002647,35.608,38.3,15.413,9.732,54225.446,1.2,151.089,10.79,19.1,24.6,,2.77,78.86,0.924
USA,North America,United States,21-08-20,5573847,44005,46515,174255,1078,1020.714,16839.282,132.945,140.528,526.446,3.257,3.084,946196,82028600,247.819,2.859,847278,2.56,18.215,0.055,tests performed,67.13,331002647,35.608,38.3,15.413,9.732,54225.446,1.2,151.089,10.79,19.1,24.6,,2.77,78.86,0.924
USA,North America,United States,22-08-20,5623727,49880,44378.143,175406,1151,994.286,16989.976,150.694,134.072,529.923,3.477,3.004,795003,82823603,250.22,2.402,839145,2.535,18.909,0.053,tests performed,67.13,331002647,35.608,38.3,15.413,9.732,54225.446,1.2,151.089,10.79,19.1,24.6,,2.77,78.86,0.924
USA,North America,United States,23-08-20,5668105,44378,43848.571,176362,956,983,17124.047,134.071,132.472,532.811,2.888,2.97,617795,83441398,252.087,1.866,837176,2.529,19.092,0.052,tests performed,67.13,331002647,35.608,38.3,15.413,9.732,54225.446,1.2,151.089,10.79,19.1,24.6,,2.77,78.86,0.924
USA,North America,United States,24-08-20,5702611,34506,42763.143,176806,444,964.857,17228.294,104.247,129.193,534.153,1.341,2.915,654755,84096153,254.065,1.978,833508,2.518,19.491,0.051,tests performed,67.13,331002647,35.608,38.3,15.413,9.732,54225.446,1.2,151.089,10.79,19.1,24.6,,2.77,78.86,0.924
USA,North America,United States,25-08-20,5740909,38298,43226.286,177279,473,968.857,17343.997,115.703,130.592,535.582,1.429,2.927,887936,84984089,256.747,2.683,836422,2.527,19.35,0.052,tests performed,67.13,331002647,35.608,38.3,15.413,9.732,54225.446,1.2,151.089,10.79,19.1,24.6,,2.77,78.86,0.924
USA,North America,United States,26-08-20,5779028,38119,42373.143,178486,1207,952.143,17459.159,115.162,128.015,539.228,3.646,2.877,944096,85928185,259.6,2.852,832246,2.514,19.641,0.051,tests performed,67.13,331002647,35.608,38.3,15.413,9.732,54225.446,1.2,151.089,10.79,19.1,24.6,,2.77,78.86,0.924
USA,North America,United States,27-08-20,5821876,42848,41719.143,179714,1228,933.857,17588.609,129.449,126.039,542.938,3.71,2.821,869783,86797968,262.227,2.628,816509,2.467,19.572,0.051,tests performed,67.13,331002647,35.608,38.3,15.413,9.732,54225.446,1.2,151.089,10.79,19.1,24.6,,2.77,78.86,0.924
USA,North America,United States,28-08-20,5867785,45909,41991.143,180824,1110,938.429,17727.305,138.697,126.86,546.292,3.353,2.835,1136760,87934728,265.662,3.434,843733,2.549,20.093,0.05,tests performed,67.13,331002647,35.608,38.3,15.413,9.732,54225.446,1.2,151.089,10.79,19.1,24.6,,2.77,78.86,0.924
USA,North America,United States,29-08-20,5917439,49654,41958.857,181773,949,909.571,17877.316,150.011,126.763,549.159,2.867,2.748,864623,88799351,268.274,2.612,853678,2.579,20.346,0.049,tests performed,67.13,331002647,35.608,38.3,15.413,9.732,54225.446,1.2,151.089,10.79,19.1,24.6,,2.77,78.86,0.924
USA,North America,United States,30-08-20,5961582,44143,41925.286,182779,1006,916.714,18010.678,133.361,126.661,552.198,3.039,2.77,623064,89422415,270.156,1.882,854431,2.581,20.38,0.049,tests performed,67.13,331002647,35.608,38.3,15.413,9.732,54225.446,1.2,151.089,10.79,19.1,24.6,,2.77,78.86,0.924
USA,North America,United States,31-08-20,5997163,35581,42078.857,183069,290,894.714,18118.172,107.495,127.125,553.074,0.876,2.703,704606,90127021,272.285,2.129,861553,2.603,20.475,0.049,tests performed,67.13,331002647,35.608,38.3,15.413,9.732,54225.446,1.2,151.089,10.79,19.1,24.6,,2.77,78.86,0.924
USA,North America,United States,01-09-20,6031013,33850,41443.429,183598,529,902.714,18220.437,102.265,125.206,554.672,1.598,2.727,872105,90999126,274.92,2.635,859291,2.596,20.734,0.048,tests performed,67.13,331002647,35.608,38.3,15.413,9.732,54225.446,1.2,151.089,10.79,19.1,24.6,,2.77,78.86,0.924
USA,North America,United States,02-09-20,6075652,44639,42374.857,184689,1091,886.143,18355.297,134.86,128.02,557.968,3.296,2.677,985887,91985013,277.898,2.978,865261,2.614,20.419,0.049,tests performed,67.13,331002647,35.608,38.3,15.413,9.732,54225.446,1.2,151.089,10.79,19.1,24.6,,2.77,78.86,0.924
USA,North America,United States,03-09-20,6114406,38754,41790,185744,1055,861.429,18472.378,117.081,126.253,561.156,3.187,2.602,1005013,92990026,280.934,3.036,884580,2.672,21.167,0.047,tests performed,67.13,331002647,35.608,38.3,15.413,9.732,54225.446,1.2,151.089,10.79,19.1,24.6,,2.77,78.86,0.924
USA,North America,United States,04-09-20,6150655,36249,40410,186797,1053,853.286,18581.891,109.513,122.084,564.337,3.181,2.578,1038264,94028290,284.071,3.137,870509,2.63,21.542,0.046,tests performed,67.13,331002647,35.608,38.3,15.413,9.732,54225.446,1.2,151.089,10.79,19.1,24.6,,2.77,78.86,0.924
USA,North America,United States,05-09-20,6201726,51071,40612.429,187765,968,856,18736.182,154.292,122.695,567.261,2.924,2.586,862076,94890366,286.676,2.604,870145,2.629,21.426,0.047,tests performed,67.13,331002647,35.608,38.3,15.413,9.732,54225.446,1.2,151.089,10.79,19.1,24.6,,2.77,78.86,0.924
USA,North America,United States,06-09-20,6245866,44140,40612,188538,773,822.714,18869.535,133.352,122.694,569.597,2.335,2.486,602698,95493064,288.496,1.821,867236,2.62,21.354,0.047,tests performed,67.13,331002647,35.608,38.3,15.413,9.732,54225.446,1.2,151.089,10.79,19.1,24.6,,2.77,78.86,0.924
USA,North America,United States,07-09-20,6276421,30555,39894,188941,403,838.857,18961.845,92.31,120.525,570.814,1.218,2.534,450474,95943538,289.857,1.361,830931,2.51,20.828,0.048,tests performed,67.13,331002647,35.608,38.3,15.413,9.732,54225.446,1.2,151.089,10.79,19.1,24.6,,2.77,78.86,0.924
USA,North America,United States,08-09-20,6300671,24250,38522.571,189208,267,801.429,19035.108,73.262,116.381,571.621,0.807,2.421,619115,96562653,291.728,1.87,794790,2.401,20.632,0.048,tests performed,67.13,331002647,35.608,38.3,15.413,9.732,54225.446,1.2,151.089,10.79,19.1,24.6,,2.77,78.86,0.924
USA,North America,United States,09-09-20,6327793,27122,36020.143,189679,471,712.857,19117.047,81.939,108.821,573.044,1.423,2.154,848803,97411456,294.292,2.564,775206,2.342,21.521,0.046,tests performed,67.13,331002647,35.608,38.3,15.413,9.732,54225.446,1.2,151.089,10.79,19.1,24.6,,2.77,78.86,0.924
USA,North America,United States,10-09-20,6359720,31927,35044.857,190815,1136,724.429,19213.502,96.455,105.875,576.476,3.432,2.189,978723,98390179,297.249,2.957,771450,2.331,22.013,0.045,tests performed,67.13,331002647,35.608,38.3,15.413,9.732,54225.446,1.2,151.089,10.79,19.1,24.6,,2.77,78.86,0.924
USA,North America,United States,11-09-20,6397227,37507,35224.571,191789,974,713.143,19326.815,113.313,106.418,579.418,2.943,2.154,1026324,99416503,300.35,3.101,769745,2.325,21.853,0.046,tests performed,67.13,331002647,35.608,38.3,15.413,9.732,54225.446,1.2,151.089,10.79,19.1,24.6,,2.77,78.86,0.924
USA,North America,United States,12-09-20,6445288,48061,34794.571,193016,1227,750.143,19472.013,145.198,105.119,583.125,3.707,2.266,856381,100272884,302.937,2.587,768931,2.323,22.099,0.045,tests performed,62.5,331002647,35.608,38.3,15.413,9.732,54225.446,1.2,151.089,10.79,19.1,24.6,,2.77,78.86,0.924
USA,North America,United States,13-09-20,6486108,40820,34320.286,193701,685,737.571,19595.336,123.322,103.686,585.195,2.069,2.228,663716,100936600,304.942,2.005,777648,2.349,22.659,0.044,tests performed,62.5,331002647,35.608,38.3,15.413,9.732,54225.446,1.2,151.089,10.79,19.1,24.6,,2.77,78.86,0.924
USA,North America,United States,14-09-20,6519979,33871,34794,194079,378,734,19697.664,102.328,105.117,586.337,1.142,2.218,698926,101635526,307.054,2.112,813141,2.457,23.37,0.043,tests performed,62.5,331002647,35.608,38.3,15.413,9.732,54225.446,1.2,151.089,10.79,19.1,24.6,,2.77,78.86,0.924
USA,North America,United States,15-09-20,6554820,34841,36307,194530,451,760.286,19802.923,105.259,109.688,587.699,1.363,2.297,935624,102571150,309.88,2.827,858357,2.593,23.642,0.042,tests performed,62.5,331002647,35.608,38.3,15.413,9.732,54225.446,1.2,151.089,10.79,19.1,24.6,,2.77,78.86,0.924
USA,North America,United States,16-09-20,6606293,51473,39785.714,195937,1407,894,19958.43,155.506,120.198,591.95,4.251,2.701,1027894,103599044,312.986,3.105,883941,2.67,22.218,0.045,tests performed,62.5,331002647,35.608,38.3,15.413,9.732,54225.446,1.2,151.089,10.79,19.1,24.6,,2.77,78.86,0.924
USA,North America,United States,17-09-20,6630891,24598,38738.714,196802,865,855.286,20032.743,74.314,117.034,594.563,2.613,2.584,1131232,104730276,316.403,3.418,905728,2.736,23.38,0.043,tests performed,62.5,331002647,35.608,38.3,15.413,9.732,54225.446,1.2,151.089,10.79,19.1,24.6,,2.77,78.86,0.924
USA,North America,United States,18-09-20,6674458,43567,39604.429,197633,831,834.857,20164.364,131.621,119.65,597.074,2.511,2.522,1235960,105966236,320.137,3.734,935676,2.827,23.626,0.042,tests performed,62.5,331002647,35.608,38.3,15.413,9.732,54225.446,1.2,151.089,10.79,19.1,24.6,,2.77,78.86,0.924
USA,North America,United States,19-09-20,6724667,50209,39911.286,198589,956,796.143,20316.052,151.688,120.577,599.962,2.888,2.405,944714,106910950,322.991,2.854,948295,2.865,23.76,0.042,tests performed,62.5,331002647,35.608,38.3,15.413,9.732,54225.446,1.2,151.089,10.79,19.1,24.6,,2.77,78.86,0.924
USA,North America,United States,20-09-20,6764962,40295,39836.286,199258,669,793.857,20437.788,121.736,120.35,601.983,2.021,2.398,668569,107579519,325.011,2.02,948988,2.867,23.822,0.042,tests performed,62.5,331002647,35.608,38.3,15.413,9.732,54225.446,1.2,151.089,10.79,19.1,24.6,,2.77,78.86,0.924
USA,North America,United States,21-09-20,6804814,39852,40690.714,199509,251,775.714,20558.186,120.398,122.932,602.741,0.758,2.344,730989,108310508,327.219,2.208,953569,2.881,23.435,0.043,tests performed,62.5,331002647,35.608,38.3,15.413,9.732,54225.446,1.2,151.089,10.79,19.1,24.6,,2.77,78.86,0.924
USA,North America,United States,22-09-20,6857967,53153,43306.714,199881,372,764.429,20718.768,160.582,130.835,603.865,1.124,2.309,949985,109260493,330.089,2.87,955620,2.887,22.066,0.045,tests performed,62.5,331002647,35.608,38.3,15.413,9.732,54225.446,1.2,151.089,10.79,19.1,24.6,,2.77,78.86,0.924
USA,North America,United States,23-09-20,6896274,38307,41425.857,200807,926,695.714,20834.498,115.73,125.153,606.663,2.798,2.102,1081360,110341853,333.356,3.267,963258,2.91,23.253,0.043,tests performed,62.5,331002647,35.608,38.3,15.413,9.732,54225.446,1.2,151.089,10.79,19.1,24.6,,2.77,78.86,0.924
USA,North America,United States,24-09-20,6934204,37930,43330.429,201909,1102,729.571,20949.089,114.591,130.907,609.992,3.329,2.204,1122406,111464259,336.747,3.391,961998,2.906,22.201,0.045,tests performed,62.5,331002647,35.608,38.3,15.413,9.732,54225.446,1.2,151.089,10.79,19.1,24.6,,2.77,78.86,0.924
USA,North America,United States,25-09-20,6978417,44213,43422.714,202810,901,739.571,21082.662,133.573,131.185,612.714,2.722,2.234,1110851,112575110,340.103,3.356,944125,2.852,21.743,0.046,tests performed,62.5,331002647,35.608,38.3,15.413,9.732,54225.446,1.2,151.089,10.79,19.1,24.6,,2.77,78.86,0.924
USA,North America,United States,26-09-20,7033430,55013,44109,203774,964,740.714,21248.863,166.201,133.259,615.626,2.912,2.238,968126,113543236,343.028,2.925,947469,2.862,21.48,0.047,tests performed,62.5,331002647,35.608,38.3,15.413,9.732,54225.446,1.2,151.089,10.79,19.1,24.6,,2.77,78.86,0.924
USA,North America,United States,27-09-20,7078798,45368,44833.714,204497,723,748.429,21385.926,137.062,135.448,617.811,2.184,2.261,684362,114227598,345.096,2.068,949726,2.869,21.183,0.047,tests performed,62.5,331002647,35.608,38.3,15.413,9.732,54225.446,1.2,151.089,10.79,19.1,24.6,,2.77,78.86,0.924
USA,North America,United States,28-09-20,7115046,36248,44318.857,204756,259,749.571,21495.435,109.51,133.893,618.593,0.782,2.265,728327,114955925,347.296,2.2,949345,2.868,21.421,0.047,tests performed,62.5,331002647,35.608,38.3,15.413,9.732,54225.446,1.2,151.089,10.79,19.1,24.6,,2.77,78.86,0.924
USA,North America,United States,29-09-20,7148044,32998,41439.571,205070,314,741.286,21595.126,99.691,125.194,619.542,0.949,2.24,972106,115928031,350.233,2.937,952505,2.878,22.985,0.044,tests performed,,331002647,35.608,38.3,15.413,9.732,54225.446,1.2,151.089,10.79,19.1,24.6,,2.77,78.86,0.924
USA,North America,United States,30-09-20,7191061,43017,42112.429,205998,928,741.571,21725.086,129.96,127.227,622.345,2.804,2.24,1107974,117036005,353.58,3.347,956307,2.889,22.708,0.044,tests performed,,331002647,35.608,38.3,15.413,9.732,54225.446,1.2,151.089,10.79,19.1,24.6,,2.77,78.86,0.924
USA,North America,United States,01-10-20,7233043,41982,42691.286,206928,930,717,21851.919,126.833,128.976,625.155,2.81,2.166,1082420,118118425,356.85,3.27,950595,2.872,22.267,0.045,tests performed,,331002647,35.608,38.3,15.413,9.732,54225.446,1.2,151.089,10.79,19.1,24.6,,2.77,78.86,0.924
USA,North America,United States,02-10-20,7277814,44771,42771,207808,880,714,21987.178,135.259,129.216,627.814,2.659,2.157,1185004,119303429,360.43,3.58,961188,2.904,22.473,0.044,tests performed,,331002647,35.608,38.3,15.413,9.732,54225.446,1.2,151.089,10.79,19.1,24.6,,2.77,78.86,0.924
USA,North America,United States,03-10-20,7332285,54471,42693.571,208716,908,706,22151.741,164.564,128.983,630.557,2.743,2.133,937182,120240611,363.262,2.831,956768,2.891,22.41,0.045,tests performed,,331002647,35.608,38.3,15.413,9.732,54225.446,1.2,151.089,10.79,19.1,24.6,,2.77,78.86,0.924
USA,North America,United States,04-10-20,7382944,50659,43449.429,209394,678,699.571,22304.788,153.047,131.266,632.605,2.048,2.113,655738,120896349,365.243,1.981,952679,2.878,21.926,0.046,tests performed,,331002647,35.608,38.3,15.413,9.732,54225.446,1.2,151.089,10.79,19.1,24.6,,2.77,78.86,0.924
USA,North America,United States,05-10-20,7417845,34901,43257,209794,400,719.714,22410.229,105.44,130.685,633.814,1.208,2.174,697596,121593945,367.35,2.108,948289,2.865,21.922,0.046,tests performed,,331002647,35.608,38.3,15.413,9.732,54225.446,1.2,151.089,10.79,19.1,24.6,,2.77,78.86,0.924
USA,North America,United States,06-10-20,7458550,40705,44358,210192,398,731.714,22533.203,122.975,134.011,635.016,1.202,2.211,,,,,,,,,,,331002647,35.608,38.3,15.413,9.732,54225.446,1.2,151.089,10.79,19.1,24.6,,2.77,78.86,0.924
USA,North America,United States,07-10-20,7501612,43062,44364.429,210909,717,701.571,22663.299,130.096,134.03,637.182,2.166,2.12,,,,,,,,,,,331002647,35.608,38.3,15.413,9.732,54225.446,1.2,151.089,10.79,19.1,24.6,,2.77,78.86,0.924
USA,North America,United States,08-10-20,7549794,48182,45250.143,211801,892,696.143,22808.863,145.564,136.706,639.877,2.695,2.103,,,,,,,,,,,331002647,35.608,38.3,15.413,9.732,54225.446,1.2,151.089,10.79,19.1,24.6,,2.77,78.86,0.924
USA,North America,United States,09-10-20,7606594,56800,46968.571,212773,972,709.286,22980.463,171.6,141.898,642.814,2.937,2.143,,,,,,,,,,,331002647,35.608,38.3,15.413,9.732,54225.446,1.2,151.089,10.79,19.1,24.6,,2.77,78.86,0.924
USA,North America,United States,10-10-20,7664676,58082,47484.429,213787,1014,724.429,23155.936,175.473,143.456,645.877,3.063,2.189,,,,,,,,,,,331002647,35.608,38.3,15.413,9.732,54225.446,1.2,151.089,10.79,19.1,24.6,,2.77,78.86,0.924
USA,North America,United States,11-10-20,7718947,54271,48000.429,214377,590,711.857,23319.895,163.959,145.015,647.659,1.782,2.151,,,,,,,,,,,331002647,35.608,38.3,15.413,9.732,54225.446,1.2,151.089,10.79,19.1,24.6,,2.77,78.86,0.924
